PS,GeneID,V1
7,dis_TRINITY_DN100_c0_g1,12.312229936124487
1,dis_TRINITY_DN10021_c0_g3,14.103910308846975
7,dis_TRINITY_DN10021_c0_g5,11.727429087400187
1,dis_TRINITY_DN10032_c0_g1,20.819108770550194
2,dis_TRINITY_DN1004_c0_g2,11.646902249096108
1,dis_TRINITY_DN10045_c0_g1,30.750106438840174
1,dis_TRINITY_DN10051_c0_g1,15.524373030818346
3,dis_TRINITY_DN10059_c0_g1,12.410323364038506
7,dis_TRINITY_DN10059_c0_g2,11.757147230514722
1,dis_TRINITY_DN10067_c0_g2,11.66411398263923
1,dis_TRINITY_DN10087_c0_g1,31.732336708789664
2,dis_TRINITY_DN101_c0_g1,11.923719386164704
1,dis_TRINITY_DN10172_c0_g1,15.700516679396255
1,dis_TRINITY_DN102_c0_g1,19.921329925484393
1,dis_TRINITY_DN1020_c0_g1,15.965570049328022
3,dis_TRINITY_DN10219_c0_g1,17.10564848229964
1,dis_TRINITY_DN10236_c0_g1,11.40175425099138
7,dis_TRINITY_DN10242_c0_g1,12.467767522696274
1,dis_TRINITY_DN10249_c1_g1,12.470662692896477
8,dis_TRINITY_DN10280_c0_g4,12.19406761503314
8,dis_TRINITY_DN10304_c0_g1,12.632461834496077
7,dis_TRINITY_DN10305_c0_g5,12.26611544051335
8,dis_TRINITY_DN10336_c0_g1,16.4497665029021
1,dis_TRINITY_DN1035_c0_g1,12.3631557864487
8,dis_TRINITY_DN10357_c0_g1,14.625850436812213
1,dis_TRINITY_DN10359_c1_g4,12.339021030859783
1,dis_TRINITY_DN1036_c0_g4,12.717101163394117
1,dis_TRINITY_DN10366_c0_g1,12.53070309280369
8,dis_TRINITY_DN10368_c0_g1,11.670556927584904
8,dis_TRINITY_DN10403_c0_g2,15.003061520902992
7,dis_TRINITY_DN10406_c0_g1,13.116053179215156
1,dis_TRINITY_DN10438_c0_g1,11.414715020533801
7,dis_TRINITY_DN1044_c0_g1,13.893166125833233
8,dis_TRINITY_DN10442_c0_g1,12.123623385770443
8,dis_TRINITY_DN10445_c0_g1,13.393759517028817
1,dis_TRINITY_DN10446_c0_g1,16.562344037001527
1,dis_TRINITY_DN10454_c0_g2,11.71032365052307
1,dis_TRINITY_DN10464_c0_g1,11.49849485802381
1,dis_TRINITY_DN10468_c0_g1,17.87268177974419
1,dis_TRINITY_DN10471_c0_g1,11.881134920536843
8,dis_TRINITY_DN10472_c0_g1,22.99978367289571
1,dis_TRINITY_DN10481_c0_g1,12.119159954386276
8,dis_TRINITY_DN10483_c0_g3,21.91791021060174
1,dis_TRINITY_DN10492_c0_g1,12.32219805878805
7,dis_TRINITY_DN10495_c0_g2,11.40175425099138
1,dis_TRINITY_DN105_c0_g1,11.767723994044049
8,dis_TRINITY_DN10505_c0_g1,11.447929900204667
4,dis_TRINITY_DN10558_c0_g2,42.121260178204544
8,dis_TRINITY_DN1056_c0_g1,12.624635202650412
7,dis_TRINITY_DN10601_c0_g4,12.352852504583709
1,dis_TRINITY_DN10610_c0_g1,11.879493339364268
1,dis_TRINITY_DN1062_c0_g2,12.001102491021399
1,dis_TRINITY_DN1066_c0_g4,23.528545025139145
1,dis_TRINITY_DN1073_c0_g4,11.584323113587605
8,dis_TRINITY_DN1075_c0_g1,20.776867064117248
1,dis_TRINITY_DN1080_c1_g1,11.68532194678435
1,dis_TRINITY_DN10808_c0_g1,13.024720150544502
1,dis_TRINITY_DN10814_c0_g1,17.57309084936398
8,dis_TRINITY_DN10818_c0_g1,15.133662610220965
7,dis_TRINITY_DN1082_c1_g3,11.40175425099138
2,dis_TRINITY_DN10821_c0_g1,14.531678017352299
1,dis_TRINITY_DN10828_c0_g1,12.48629416600458
1,dis_TRINITY_DN10828_c0_g2,13.311013485080691
1,dis_TRINITY_DN1083_c0_g1,11.515678790240722
1,dis_TRINITY_DN10834_c0_g1,11.613336600650133
2,dis_TRINITY_DN10835_c0_g2,19.014678750901894
1,dis_TRINITY_DN10837_c0_g1,30.421024801935914
5,dis_TRINITY_DN10839_c0_g1,12.132378085107634
1,dis_TRINITY_DN10843_c0_g1,12.428836832141615
1,dis_TRINITY_DN10872_c0_g1,13.015748998809096
8,dis_TRINITY_DN10874_c0_g1,11.846234549425398
1,dis_TRINITY_DN10880_c0_g1,13.652671533439893
1,dis_TRINITY_DN10891_c0_g1,15.54601559886005
8,dis_TRINITY_DN10891_c0_g2,11.482123148616724
7,dis_TRINITY_DN10922_c0_g1,12.181615081753323
1,dis_TRINITY_DN109406_c0_g1,13.20775366971992
1,dis_TRINITY_DN1095_c0_g1,19.037152097937337
8,dis_TRINITY_DN1096_c0_g1,12.260625962812828
7,dis_TRINITY_DN109679_c0_g1,11.40175425099138
1,dis_TRINITY_DN1098_c0_g1,11.6824904451063
8,dis_TRINITY_DN10998_c0_g1,20.72351311916008
8,dis_TRINITY_DN11_c3_g4,14.169656770719607
1,dis_TRINITY_DN1101_c0_g9,11.41595033275811
5,dis_TRINITY_DN1102_c0_g1,11.620273318644445
8,dis_TRINITY_DN11034_c0_g1,16.038398829060213
8,dis_TRINITY_DN11064_c0_g1,11.965403712370092
7,dis_TRINITY_DN11112_c0_g1,31.530326829895056
1,dis_TRINITY_DN11138_c0_g2,17.70329483457811
8,dis_TRINITY_DN11152_c0_g1,23.135408576465643
1,dis_TRINITY_DN11162_c0_g1,11.52904159069608
1,dis_TRINITY_DN11191_c0_g1,15.741436624399947
1,dis_TRINITY_DN11221_c0_g1,11.640752123466937
8,dis_TRINITY_DN11237_c0_g1,11.650700064802972
8,dis_TRINITY_DN11250_c0_g1,23.094265976644508
1,dis_TRINITY_DN11265_c0_g1,14.097427956900507
2,dis_TRINITY_DN11268_c0_g1,18.31811172037118
1,dis_TRINITY_DN11269_c0_g1,11.962402308901
2,dis_TRINITY_DN11271_c0_g2,11.602722396058608
8,dis_TRINITY_DN11288_c0_g2,11.9345934995709
8,dis_TRINITY_DN1130_c0_g1,11.540637287429147
7,dis_TRINITY_DN11307_c0_g1,12.309019497912903
8,dis_TRINITY_DN11324_c0_g1,14.367439925052757
8,dis_TRINITY_DN11328_c0_g1,13.331759298757234
1,dis_TRINITY_DN11328_c0_g3,15.252273797699804
8,dis_TRINITY_DN11349_c0_g1,11.721416979188138
1,dis_TRINITY_DN11356_c1_g1,12.5883509642844
7,dis_TRINITY_DN11358_c0_g1,11.78585682078312
8,dis_TRINITY_DN11369_c0_g4,13.435413428696565
8,dis_TRINITY_DN11373_c0_g1,11.596670384209427
8,dis_TRINITY_DN11387_c0_g1,13.412615889527293
1,dis_TRINITY_DN11394_c0_g1,11.495884567966051
1,dis_TRINITY_DN11394_c0_g4,12.277082918999936
7,dis_TRINITY_DN1141_c0_g1,12.490717873685243
8,dis_TRINITY_DN1142_c0_g1,16.43715656675448
1,dis_TRINITY_DN1143_c0_g1,12.167706727235005
7,dis_TRINITY_DN11430_c0_g1,12.189827521339257
2,dis_TRINITY_DN11473_c0_g1,18.54165596703811
8,dis_TRINITY_DN11497_c0_g1,12.065467831791688
7,dis_TRINITY_DN11498_c0_g1,11.521912905416357
1,dis_TRINITY_DN115_c0_g1,19.784082389638392
7,dis_TRINITY_DN115_c0_g5,11.893365797788277
8,dis_TRINITY_DN11502_c0_g1,12.698376982906122
1,dis_TRINITY_DN11507_c0_g1,14.838523713631353
8,dis_TRINITY_DN11516_c0_g2,12.940297098598625
2,dis_TRINITY_DN11516_c0_g3,11.960587151139363
8,dis_TRINITY_DN11519_c0_g1,12.025125571069934
8,dis_TRINITY_DN11526_c0_g1,11.9829741299896
8,dis_TRINITY_DN11537_c0_g5,11.40175425099138
8,dis_TRINITY_DN1155_c0_g2,11.938441020501797
7,dis_TRINITY_DN11567_c0_g1,11.40175425099138
1,dis_TRINITY_DN1157_c0_g1,21.2421990151679
2,dis_TRINITY_DN11571_c0_g1,15.07043393535833
7,dis_TRINITY_DN11577_c1_g1,11.57597339319679
8,dis_TRINITY_DN11590_c0_g1,13.889221468462514
1,dis_TRINITY_DN11596_c1_g1,14.296380136244279
1,dis_TRINITY_DN11598_c0_g1,20.87475633390723
8,dis_TRINITY_DN11610_c0_g1,11.714770889778427
1,dis_TRINITY_DN11619_c0_g4,15.101630739757875
8,dis_TRINITY_DN11637_c0_g2,11.435191340769073
8,dis_TRINITY_DN11647_c0_g3,12.70066510069453
2,dis_TRINITY_DN11666_c0_g3,12.35906521546027
1,dis_TRINITY_DN1167_c0_g3,11.695994357043784
1,dis_TRINITY_DN1171_c0_g1,11.824855305668649
1,dis_TRINITY_DN1172_c0_g2,12.021875602417454
1,dis_TRINITY_DN11726_c0_g2,11.799726564628521
1,dis_TRINITY_DN11747_c0_g1,28.455523611418574
8,dis_TRINITY_DN11754_c0_g1,11.795738976427039
1,dis_TRINITY_DN11777_c0_g1,27.948374317659336
8,dis_TRINITY_DN11820_c0_g3,12.746725187278496
7,dis_TRINITY_DN1184_c0_g1,11.453779201643446
1,dis_TRINITY_DN11868_c0_g1,11.490783089067516
1,dis_TRINITY_DN11889_c0_g1,11.609477766032372
1,dis_TRINITY_DN1189_c0_g1,11.801535916989788
1,dis_TRINITY_DN1190_c1_g1,12.254260932426728
8,dis_TRINITY_DN11911_c0_g1,12.145221200126409
6,dis_TRINITY_DN11911_c0_g2,12.578352515333636
7,dis_TRINITY_DN11917_c0_g1,14.522444112476384
8,dis_TRINITY_DN1192_c0_g1,11.453015585425526
8,dis_TRINITY_DN11943_c0_g3,16.738411185055767
8,dis_TRINITY_DN11971_c0_g5,22.252043389315958
1,dis_TRINITY_DN12_c0_g2,11.93523162741302
7,dis_TRINITY_DN12008_c0_g1,26.277542864583058
8,dis_TRINITY_DN1201_c0_g1,11.804672803597734
1,dis_TRINITY_DN12016_c0_g1,18.74960002240048
8,dis_TRINITY_DN12045_c0_g6,12.320668244863993
2,dis_TRINITY_DN12047_c0_g1,11.579449209699051
1,dis_TRINITY_DN1209_c0_g2,11.612467438059838
1,dis_TRINITY_DN1210_c0_g1,11.749992723402002
7,dis_TRINITY_DN12124_c0_g1,11.463894015560331
8,dis_TRINITY_DN1214_c0_g1,22.863813789479657
8,dis_TRINITY_DN12158_c0_g1,21.524891544442216
3,dis_TRINITY_DN1216_c2_g1,13.2747929550709
8,dis_TRINITY_DN12164_c0_g1,13.052424793884084
1,dis_TRINITY_DN12173_c0_g1,46.66482395766644
1,dis_TRINITY_DN12195_c0_g1,16.44746068546753
7,dis_TRINITY_DN1221_c0_g2,12.788637613131431
1,dis_TRINITY_DN1222_c0_g1,15.313315121161715
8,dis_TRINITY_DN1225_c1_g2,11.775510264952429
8,dis_TRINITY_DN1227_c1_g1,66.13614364324549
2,dis_TRINITY_DN12274_c0_g1,13.427021523778086
1,dis_TRINITY_DN1228_c0_g1,11.770818790551488
8,dis_TRINITY_DN123_c1_g3,11.418500689670251
8,dis_TRINITY_DN123_c1_g4,14.105185464927429
1,dis_TRINITY_DN12300_c0_g1,16.416442732821263
1,dis_TRINITY_DN12314_c0_g1,11.871644367988791
1,dis_TRINITY_DN12334_c0_g1,12.432072474048725
1,dis_TRINITY_DN12344_c0_g1,11.610108397426787
6,dis_TRINITY_DN12352_c0_g1,12.420269844089539
2,dis_TRINITY_DN12354_c0_g1,11.47604099853255
7,dis_TRINITY_DN12363_c0_g5,11.970249161984892
8,dis_TRINITY_DN1237_c0_g1,33.79102289070279
4,dis_TRINITY_DN12372_c0_g1,18.08760321325078
8,dis_TRINITY_DN12379_c0_g3,15.67448190531349
2,dis_TRINITY_DN12383_c0_g3,19.918918896365838
1,dis_TRINITY_DN12401_c0_g2,11.925332951326768
8,dis_TRINITY_DN12428_c0_g1,30.54157757876957
1,dis_TRINITY_DN1243_c0_g1,15.908604055667487
8,dis_TRINITY_DN1245_c0_g1,11.682691171130049
1,dis_TRINITY_DN12458_c0_g1,11.520731921193201
1,dis_TRINITY_DN12489_c0_g1,12.330504044847476
3,dis_TRINITY_DN12489_c0_g2,11.898750312532826
8,dis_TRINITY_DN12553_c0_g8,12.096557154827154
8,dis_TRINITY_DN12566_c1_g2,11.741875787113402
8,dis_TRINITY_DN12566_c1_g7,12.9646319269002
1,dis_TRINITY_DN12588_c0_g1,12.896134808538564
1,dis_TRINITY_DN126_c0_g1,11.49820646883678
8,dis_TRINITY_DN1261_c0_g1,12.47553213293926
2,dis_TRINITY_DN1263_c0_g1,11.40175425099138
1,dis_TRINITY_DN12674_c2_g2,20.16776988167011
1,dis_TRINITY_DN1268_c0_g1,11.787135402632822
1,dis_TRINITY_DN1269_c1_g2,17.087888517894772
1,dis_TRINITY_DN12709_c0_g3,13.068345457631581
7,dis_TRINITY_DN12718_c0_g1,11.949384670350184
8,dis_TRINITY_DN12726_c0_g2,16.591682705500368
1,dis_TRINITY_DN12756_c0_g2,14.77255573690619
7,dis_TRINITY_DN12758_c0_g1,13.681776602473818
7,dis_TRINITY_DN1276_c0_g2,11.682174455126066
2,dis_TRINITY_DN12770_c0_g1,21.25939265360137
1,dis_TRINITY_DN12775_c0_g1,12.884780246476849
1,dis_TRINITY_DN12777_c0_g1,15.998761233295532
8,dis_TRINITY_DN12781_c0_g1,12.89259070163945
8,dis_TRINITY_DN12786_c0_g1,13.271994198310967
8,dis_TRINITY_DN12788_c0_g1,12.798284299076967
8,dis_TRINITY_DN12793_c0_g1,26.562000169414954
1,dis_TRINITY_DN12795_c0_g2,12.949460683750502
8,dis_TRINITY_DN12807_c0_g1,11.980423573480197
6,dis_TRINITY_DN12808_c0_g1,13.139921841472269
7,dis_TRINITY_DN12818_c0_g2,12.340983672301006
8,dis_TRINITY_DN12822_c0_g1,12.584740323105597
1,dis_TRINITY_DN12823_c0_g1,11.551865303923865
1,dis_TRINITY_DN12825_c0_g1,12.382417776831794
2,dis_TRINITY_DN12838_c0_g1,11.40175425099138
8,dis_TRINITY_DN12839_c0_g1,11.774649463996795
1,dis_TRINITY_DN12848_c0_g1,11.92045884183994
1,dis_TRINITY_DN12865_c0_g2,11.411116027803766
1,dis_TRINITY_DN12877_c0_g1,30.114584705753455
1,dis_TRINITY_DN12930_c0_g1,14.947028601029706
1,dis_TRINITY_DN12933_c0_g2,17.38324569808527
1,dis_TRINITY_DN12938_c1_g1,19.437166768847767
1,dis_TRINITY_DN12963_c0_g2,11.743249805739467
1,dis_TRINITY_DN12987_c0_g1,11.81696458486696
7,dis_TRINITY_DN13012_c0_g1,12.801011639710357
2,dis_TRINITY_DN13015_c0_g1,11.956606458355983
1,dis_TRINITY_DN13030_c1_g1,12.817757136098344
7,dis_TRINITY_DN13044_c0_g2,12.986245608334997
1,dis_TRINITY_DN1308_c0_g1,12.088752830627318
1,dis_TRINITY_DN13081_c1_g3,11.84953669980392
1,dis_TRINITY_DN131_c0_g1,16.73805744404051
7,dis_TRINITY_DN13186_c0_g2,11.40175425099138
8,dis_TRINITY_DN132_c0_g4,18.507896747064482
7,dis_TRINITY_DN13222_c0_g1,11.725183879155159
8,dis_TRINITY_DN1323_c0_g1,12.691116578142365
1,dis_TRINITY_DN13243_c0_g1,12.306367010616903
8,dis_TRINITY_DN13261_c0_g1,17.870405339555116
7,dis_TRINITY_DN13262_c0_g1,21.851076037577645
2,dis_TRINITY_DN13277_c0_g1,13.367553852519166
1,dis_TRINITY_DN13292_c0_g1,13.55343568989059
8,dis_TRINITY_DN13295_c0_g1,12.415745648167894
1,dis_TRINITY_DN13300_c0_g1,17.756557915316808
1,dis_TRINITY_DN13313_c0_g4,34.9925902442217
1,dis_TRINITY_DN13316_c0_g1,78.66451271698058
8,dis_TRINITY_DN13317_c0_g1,14.11722037088038
2,dis_TRINITY_DN13318_c1_g6,11.517831740392808
8,dis_TRINITY_DN13319_c0_g1,29.360024829689774
1,dis_TRINITY_DN13338_c0_g3,13.077044696719515
1,dis_TRINITY_DN1334_c0_g1,11.908868837971136
1,dis_TRINITY_DN13393_c0_g1,12.942115283059412
1,dis_TRINITY_DN13396_c0_g1,17.586762038533415
1,dis_TRINITY_DN134_c0_g2,27.774787577945578
7,dis_TRINITY_DN134_c0_g4,25.909026921133105
1,dis_TRINITY_DN1341_c0_g7,12.707066419909829
1,dis_TRINITY_DN13490_c0_g1,13.736255275729263
1,dis_TRINITY_DN13513_c0_g1,12.12635324407136
1,dis_TRINITY_DN13537_c0_g2,18.28042901575343
6,dis_TRINITY_DN13543_c0_g1,12.152721793902796
1,dis_TRINITY_DN13562_c0_g1,12.124087058413924
1,dis_TRINITY_DN1357_c0_g1,15.994388359671651
1,dis_TRINITY_DN1359_c0_g1,13.638029036484708
8,dis_TRINITY_DN13612_c0_g1,13.99186027660368
8,dis_TRINITY_DN13629_c0_g1,11.649830041678719
1,dis_TRINITY_DN13631_c1_g3,13.995880929759299
1,dis_TRINITY_DN13633_c0_g1,13.425144617470607
7,dis_TRINITY_DN13638_c0_g1,11.986919871259673
7,dis_TRINITY_DN1364_c0_g1,19.24376774438935
1,dis_TRINITY_DN13641_c0_g2,12.430560325262897
2,dis_TRINITY_DN13680_c0_g1,13.116737399216316
8,dis_TRINITY_DN13684_c0_g1,42.012876180999555
8,dis_TRINITY_DN13688_c0_g1,11.99646151996496
1,dis_TRINITY_DN13690_c0_g1,19.6775170181606
1,dis_TRINITY_DN13703_c0_g1,13.423662242473176
1,dis_TRINITY_DN1371_c0_g1,12.257587690895791
1,dis_TRINITY_DN1375_c0_g1,24.894174700118096
7,dis_TRINITY_DN13764_c0_g2,13.365699121258116
8,dis_TRINITY_DN13787_c0_g1,11.652416315940656
1,dis_TRINITY_DN13798_c0_g1,12.560082523614247
1,dis_TRINITY_DN13806_c0_g2,13.647379931693848
7,dis_TRINITY_DN1381_c0_g2,23.79729598084623
2,dis_TRINITY_DN13811_c0_g1,30.32392730172001
8,dis_TRINITY_DN1383_c0_g1,11.56193820256794
7,dis_TRINITY_DN13858_c0_g1,11.602031632434036
1,dis_TRINITY_DN1386_c0_g1,12.141378010753145
8,dis_TRINITY_DN13863_c1_g2,11.775862728479812
8,dis_TRINITY_DN1389_c0_g1,13.54204663261798
1,dis_TRINITY_DN139_c0_g1,27.51244547473016
8,dis_TRINITY_DN139_c0_g6,14.362135843947446
1,dis_TRINITY_DN13934_c0_g3,12.866524044978116
1,dis_TRINITY_DN13949_c0_g1,11.922676964507593
8,dis_TRINITY_DN1398_c0_g1,12.102120516669796
5,dis_TRINITY_DN1399_c0_g1,12.62689312538916
1,dis_TRINITY_DN13999_c0_g1,18.84143630406132
8,dis_TRINITY_DN14006_c0_g2,11.688504309790881
8,dis_TRINITY_DN1404_c0_g5,11.54465109910213
1,dis_TRINITY_DN14048_c0_g2,22.89590356373821
1,dis_TRINITY_DN14048_c0_g4,16.32561472043243
8,dis_TRINITY_DN14068_c0_g1,14.486190147861514
1,dis_TRINITY_DN14093_c0_g1,16.224727393703724
1,dis_TRINITY_DN14107_c0_g1,13.169963439584789
1,dis_TRINITY_DN14111_c0_g2,15.772731120513022
1,dis_TRINITY_DN14111_c0_g4,14.528986578560804
1,dis_TRINITY_DN1413_c0_g1,20.963023398355496
2,dis_TRINITY_DN14133_c0_g1,12.405298424463636
8,dis_TRINITY_DN1415_c0_g1,11.921180562343647
8,dis_TRINITY_DN14155_c0_g1,11.40175425099138
6,dis_TRINITY_DN1418_c0_g2,14.721763617175762
1,dis_TRINITY_DN1418_c0_g3,15.838561456142411
1,dis_TRINITY_DN1421_c0_g1,31.860362066367042
2,dis_TRINITY_DN1422_c15_g1,12.8978046969242
8,dis_TRINITY_DN1424_c0_g1,13.72872098922547
1,dis_TRINITY_DN14243_c0_g1,12.861763409424075
2,dis_TRINITY_DN1429_c0_g1,11.928239182712593
1,dis_TRINITY_DN143_c0_g8,22.822154083258663
8,dis_TRINITY_DN14310_c0_g1,18.233285524008007
8,dis_TRINITY_DN14313_c0_g1,12.336439802471377
8,dis_TRINITY_DN1432_c0_g1,11.905568067085248
1,dis_TRINITY_DN14320_c0_g2,31.50816176802449
4,dis_TRINITY_DN1434_c0_g1,15.19927721965752
8,dis_TRINITY_DN14393_c0_g1,24.671941978693127
1,dis_TRINITY_DN14396_c0_g1,16.513279050509624
1,dis_TRINITY_DN14403_c0_g4,14.166392413031625
1,dis_TRINITY_DN14413_c0_g1,19.525828125843983
1,dis_TRINITY_DN14415_c0_g2,15.062660123630222
8,dis_TRINITY_DN14419_c0_g1,11.94993958143722
8,dis_TRINITY_DN14432_c1_g3,11.719593806954233
8,dis_TRINITY_DN14453_c0_g2,13.210227174428153
2,dis_TRINITY_DN14465_c0_g1,11.951752089129025
1,dis_TRINITY_DN14475_c0_g2,26.71180733308774
1,dis_TRINITY_DN14489_c0_g1,12.522193298300422
1,dis_TRINITY_DN14514_c0_g2,11.794975158939506
8,dis_TRINITY_DN14522_c0_g3,23.140402027622596
7,dis_TRINITY_DN14527_c0_g1,12.976230153630906
6,dis_TRINITY_DN14532_c0_g3,11.511601756488973
8,dis_TRINITY_DN14545_c0_g1,11.475562644158238
1,dis_TRINITY_DN14545_c0_g5,11.752769333225254
2,dis_TRINITY_DN14547_c0_g1,11.77620057573749
5,dis_TRINITY_DN1455_c0_g1,11.648408389131967
1,dis_TRINITY_DN14551_c0_g2,24.2658333052875
1,dis_TRINITY_DN14586_c0_g2,31.304098789136223
1,dis_TRINITY_DN1461_c0_g1,12.536600775329811
8,dis_TRINITY_DN1463_c0_g1,15.163977083865564
8,dis_TRINITY_DN1467_c0_g1,11.553150392858218
2,dis_TRINITY_DN14676_c0_g1,11.64969514622593
5,dis_TRINITY_DN14741_c0_g1,13.00789329599532
7,dis_TRINITY_DN14755_c0_g1,11.702304815718996
1,dis_TRINITY_DN14779_c0_g1,25.768480611010034
1,dis_TRINITY_DN1480_c0_g1,11.958234986819752
8,dis_TRINITY_DN14829_c0_g1,11.480118858269718
1,dis_TRINITY_DN14851_c0_g1,13.331327615807812
1,dis_TRINITY_DN14878_c0_g1,13.450709535188096
8,dis_TRINITY_DN14887_c0_g1,11.493410981949616
8,dis_TRINITY_DN14917_c0_g1,12.488783607701754
1,dis_TRINITY_DN14924_c0_g1,14.632701083532048
1,dis_TRINITY_DN14927_c0_g1,12.315101867219775
1,dis_TRINITY_DN14967_c0_g1,12.13137098600154
1,dis_TRINITY_DN14971_c0_g1,12.696347073075783
1,dis_TRINITY_DN14974_c0_g4,31.31050213586489
1,dis_TRINITY_DN14978_c0_g1,13.65993773777904
8,dis_TRINITY_DN14984_c0_g1,13.36720905798963
6,dis_TRINITY_DN14995_c0_g1,11.60725333573796
1,dis_TRINITY_DN14996_c0_g2,11.40951909591285
1,dis_TRINITY_DN14999_c0_g1,12.105047542244515
8,dis_TRINITY_DN1501_c0_g1,12.118721219666702
1,dis_TRINITY_DN15016_c0_g1,12.770335978352332
7,dis_TRINITY_DN1503_c0_g1,16.72343155575434
8,dis_TRINITY_DN1503_c0_g3,11.698597095378574
1,dis_TRINITY_DN15057_c0_g2,12.93381347476451
8,dis_TRINITY_DN15057_c0_g4,11.664708569012772
1,dis_TRINITY_DN1506_c0_g1,11.412977613226094
2,dis_TRINITY_DN151_c0_g1,13.0687756121222
8,dis_TRINITY_DN15102_c0_g1,11.426702148914183
7,dis_TRINITY_DN1513_c0_g3,14.512854612377263
1,dis_TRINITY_DN15139_c0_g1,20.628270358903094
8,dis_TRINITY_DN1514_c0_g1,11.888969930149543
8,dis_TRINITY_DN15170_c0_g1,12.173256343312582
8,dis_TRINITY_DN15186_c0_g1,12.219881014150669
8,dis_TRINITY_DN15191_c0_g1,17.970511651035427
5,dis_TRINITY_DN152_c0_g1,15.056312961678234
2,dis_TRINITY_DN1520_c0_g2,25.225450620355623
7,dis_TRINITY_DN1524_c0_g1,11.780930905492996
7,dis_TRINITY_DN15258_c2_g3,11.434969260999349
1,dis_TRINITY_DN15300_c0_g1,11.748868115695231
1,dis_TRINITY_DN15301_c0_g4,16.99755514772639
8,dis_TRINITY_DN15329_c0_g1,14.473451005202595
1,dis_TRINITY_DN1536_c0_g1,12.168670510783008
8,dis_TRINITY_DN15407_c0_g1,13.149294125541491
8,dis_TRINITY_DN1550_c0_g1,19.80026530125291
8,dis_TRINITY_DN15537_c0_g1,29.876474792050015
7,dis_TRINITY_DN15555_c0_g1,23.3039193270145
8,dis_TRINITY_DN1560_c0_g1,11.44541244342029
5,dis_TRINITY_DN15600_c0_g2,21.93015031868227
1,dis_TRINITY_DN15616_c0_g1,13.505911446474094
1,dis_TRINITY_DN1562_c0_g5,12.517432005008056
7,dis_TRINITY_DN1564_c0_g2,20.517539837904543
1,dis_TRINITY_DN1564_c0_g3,14.232239247567476
2,dis_TRINITY_DN15658_c0_g1,50.57333672005437
8,dis_TRINITY_DN15681_c0_g1,11.40175425099138
1,dis_TRINITY_DN15693_c0_g1,24.908520991821252
1,dis_TRINITY_DN1573_c0_g3,12.865470764802973
8,dis_TRINITY_DN15739_c0_g2,27.900774594982124
8,dis_TRINITY_DN1575_c0_g3,12.443652357728418
8,dis_TRINITY_DN15765_c0_g1,11.880668331369241
8,dis_TRINITY_DN1578_c0_g1,11.591686460563018
1,dis_TRINITY_DN1578_c0_g2,12.587729580825926
2,dis_TRINITY_DN15808_c1_g2,13.523631871653414
1,dis_TRINITY_DN15808_c1_g3,15.395377942746324
1,dis_TRINITY_DN1584_c0_g2,13.782270386260748
1,dis_TRINITY_DN15841_c0_g1,13.372592044925321
8,dis_TRINITY_DN1587_c0_g3,11.819867131232906
8,dis_TRINITY_DN15905_c0_g1,11.40175425099138
1,dis_TRINITY_DN15913_c0_g1,11.40175425099138
8,dis_TRINITY_DN15952_c0_g1,12.63352951474765
7,dis_TRINITY_DN15994_c0_g1,12.504310376826064
6,dis_TRINITY_DN15998_c0_g1,11.625299264965182
8,dis_TRINITY_DN16_c0_g1,13.15332954046237
1,dis_TRINITY_DN160_c0_g2,27.354269922628166
1,dis_TRINITY_DN160_c0_g3,11.541719022745268
1,dis_TRINITY_DN16001_c0_g2,11.443877402349258
8,dis_TRINITY_DN16016_c0_g1,11.7787737052717
1,dis_TRINITY_DN16038_c0_g5,19.032939368368723
8,dis_TRINITY_DN16043_c0_g1,11.97551021877565
8,dis_TRINITY_DN16047_c0_g1,11.838821394040878
7,dis_TRINITY_DN1605_c0_g1,17.78100264327071
1,dis_TRINITY_DN16067_c0_g2,16.023659787951065
7,dis_TRINITY_DN16083_c0_g1,12.303166543617948
8,dis_TRINITY_DN1611_c0_g1,11.40175425099138
8,dis_TRINITY_DN1611_c0_g2,11.40175425099138
2,dis_TRINITY_DN16122_c0_g1,12.540581764814581
7,dis_TRINITY_DN16122_c0_g3,17.298555748963555
8,dis_TRINITY_DN16134_c0_g1,12.322574649804316
1,dis_TRINITY_DN16156_c0_g1,15.270655257715696
8,dis_TRINITY_DN16161_c0_g1,19.426475336509196
8,dis_TRINITY_DN16182_c0_g7,11.963973754568336
1,dis_TRINITY_DN16206_c0_g1,72.54668776036574
1,dis_TRINITY_DN16284_c0_g4,11.645655112530166
7,dis_TRINITY_DN16327_c0_g1,11.872645577123912
1,dis_TRINITY_DN16358_c0_g1,12.040678137048593
1,dis_TRINITY_DN16385_c0_g2,11.582309614234978
1,dis_TRINITY_DN16400_c0_g1,36.765844720337924
1,dis_TRINITY_DN16403_c0_g1,11.863504667677255
1,dis_TRINITY_DN16411_c0_g3,14.018160007647223
1,dis_TRINITY_DN16421_c0_g1,50.61133975701493
8,dis_TRINITY_DN16423_c0_g1,14.300326324947973
5,dis_TRINITY_DN16438_c0_g1,13.887149059472215
8,dis_TRINITY_DN16439_c0_g1,12.688630580169004
1,dis_TRINITY_DN16452_c0_g1,12.832195837034282
7,dis_TRINITY_DN1646_c0_g1,12.945204942371518
8,dis_TRINITY_DN16468_c0_g1,17.601741163873534
2,dis_TRINITY_DN1648_c0_g1,12.89336934241783
8,dis_TRINITY_DN16486_c0_g1,12.017268658060367
2,dis_TRINITY_DN16516_c0_g3,13.5617146777242
8,dis_TRINITY_DN1652_c1_g1,11.521428079886624
1,dis_TRINITY_DN16527_c0_g1,30.332704099700706
8,dis_TRINITY_DN16532_c0_g1,15.906834160196679
7,dis_TRINITY_DN16537_c0_g1,12.251665968348957
1,dis_TRINITY_DN1655_c0_g4,12.956960137316159
1,dis_TRINITY_DN16557_c0_g1,12.440293927395766
1,dis_TRINITY_DN16578_c0_g1,12.854067994218795
6,dis_TRINITY_DN1658_c0_g1,11.857878646705743
8,dis_TRINITY_DN1659_c0_g2,11.617665600283045
7,dis_TRINITY_DN1660_c0_g1,11.737739475725299
8,dis_TRINITY_DN16660_c0_g3,13.485573773481054
1,dis_TRINITY_DN16662_c0_g1,12.746490144349542
8,dis_TRINITY_DN1667_c0_g1,13.411624659227531
2,dis_TRINITY_DN16676_c0_g1,11.895658199528095
8,dis_TRINITY_DN16685_c0_g3,11.700987436964455
1,dis_TRINITY_DN1669_c0_g1,12.200313889404649
1,dis_TRINITY_DN1670_c0_g1,12.664543615938161
7,dis_TRINITY_DN1671_c0_g1,11.76096033493864
8,dis_TRINITY_DN16714_c0_g4,12.038810530945323
1,dis_TRINITY_DN16729_c0_g2,12.155977130613564
1,dis_TRINITY_DN16747_c0_g1,11.65473843550339
8,dis_TRINITY_DN16751_c0_g2,14.349001498362178
1,dis_TRINITY_DN16760_c0_g1,11.889832547180806
1,dis_TRINITY_DN16765_c0_g1,14.26186011710955
4,dis_TRINITY_DN16768_c0_g1,11.666949558475
1,dis_TRINITY_DN16771_c0_g1,12.594823658948147
1,dis_TRINITY_DN16789_c0_g1,12.803686227020718
1,dis_TRINITY_DN16811_c0_g5,24.671045741921844
8,dis_TRINITY_DN1682_c0_g3,31.594855862940726
1,dis_TRINITY_DN16825_c0_g6,11.762950735253463
7,dis_TRINITY_DN16846_c0_g2,20.55586327547447
1,dis_TRINITY_DN16866_c0_g1,19.771352735713357
7,dis_TRINITY_DN16878_c0_g1,25.76709254068064
8,dis_TRINITY_DN16891_c0_g7,11.406691018871335
8,dis_TRINITY_DN16907_c0_g1,12.279370912225104
8,dis_TRINITY_DN1697_c0_g5,11.40175425099138
1,dis_TRINITY_DN16986_c0_g1,13.255351259019884
8,dis_TRINITY_DN1699_c0_g1,11.83418826958571
8,dis_TRINITY_DN16996_c0_g2,12.367366372837832
1,dis_TRINITY_DN1709_c0_g4,13.029415067454103
8,dis_TRINITY_DN1710_c0_g1,14.890423499685964
1,dis_TRINITY_DN17106_c0_g1,12.023997463406253
1,dis_TRINITY_DN17107_c0_g1,13.069842921779895
7,dis_TRINITY_DN17112_c0_g1,11.670828848029604
1,dis_TRINITY_DN17116_c0_g1,15.368330651049906
1,dis_TRINITY_DN17126_c0_g1,24.01213795146113
1,dis_TRINITY_DN17179_c0_g1,21.832484375352248
1,dis_TRINITY_DN17186_c0_g1,12.35892288996092
8,dis_TRINITY_DN17193_c0_g1,11.796463495471853
1,dis_TRINITY_DN17204_c0_g1,12.380983482744817
2,dis_TRINITY_DN1722_c1_g1,17.25781773573936
8,dis_TRINITY_DN1722_c1_g3,13.37888788352754
2,dis_TRINITY_DN17277_c0_g1,12.133021964869263
5,dis_TRINITY_DN17282_c0_g1,11.563331094455437
7,dis_TRINITY_DN17298_c0_g1,11.40175425099138
1,dis_TRINITY_DN173_c0_g1,11.579061533647709
1,dis_TRINITY_DN1731_c0_g1,11.428203183353014
2,dis_TRINITY_DN17327_c0_g2,12.911930684448395
2,dis_TRINITY_DN17339_c0_g1,52.4768231698528
2,dis_TRINITY_DN17362_c0_g1,11.885489977279018
8,dis_TRINITY_DN17411_c0_g1,15.636005979789084
1,dis_TRINITY_DN17440_c0_g2,12.625872643108673
5,dis_TRINITY_DN1748_c0_g3,13.127574261835276
1,dis_TRINITY_DN1753_c0_g1,11.423350778121103
1,dis_TRINITY_DN1753_c0_g2,20.426803543383873
7,dis_TRINITY_DN17650_c0_g2,18.75431051785162
7,dis_TRINITY_DN17711_c0_g2,11.850609646765013
8,dis_TRINITY_DN1772_c0_g1,11.520654842499189
1,dis_TRINITY_DN1773_c0_g1,12.009905120357946
1,dis_TRINITY_DN1775_c0_g1,12.809171792118333
8,dis_TRINITY_DN17767_c0_g2,11.968574643624027
8,dis_TRINITY_DN17804_c0_g2,12.64590653136421
8,dis_TRINITY_DN17815_c0_g1,12.249740772767398
8,dis_TRINITY_DN17825_c0_g1,11.548348539942843
1,dis_TRINITY_DN17832_c0_g1,12.241932159589842
8,dis_TRINITY_DN17841_c0_g1,20.756174238043002
1,dis_TRINITY_DN17869_c0_g1,11.610255595808388
1,dis_TRINITY_DN17886_c0_g1,12.520306425962584
7,dis_TRINITY_DN17946_c0_g4,15.370908626362985
1,dis_TRINITY_DN17959_c0_g1,11.983997454939649
1,dis_TRINITY_DN17962_c0_g1,17.453049160533524
1,dis_TRINITY_DN17962_c0_g2,12.229176505390704
1,dis_TRINITY_DN17962_c0_g3,11.885037989001129
7,dis_TRINITY_DN17975_c0_g1,11.451140467219847
1,dis_TRINITY_DN17991_c0_g2,12.394610845040678
8,dis_TRINITY_DN1800_c0_g1,11.736243777290927
8,dis_TRINITY_DN18096_c0_g1,11.45976269387809
1,dis_TRINITY_DN1811_c0_g2,11.83425692639804
1,dis_TRINITY_DN18139_c0_g1,16.49265657800465
1,dis_TRINITY_DN1816_c1_g1,16.777622209359706
1,dis_TRINITY_DN18201_c0_g1,12.191635534250521
7,dis_TRINITY_DN18207_c0_g2,11.744156419258047
2,dis_TRINITY_DN18233_c0_g1,16.661584708544382
1,dis_TRINITY_DN18235_c0_g2,14.096840674420633
1,dis_TRINITY_DN1824_c0_g1,11.800087118322475
8,dis_TRINITY_DN1827_c0_g4,11.526277933487462
1,dis_TRINITY_DN1828_c0_g1,11.450876254680251
8,dis_TRINITY_DN18282_c0_g1,14.145802981803472
1,dis_TRINITY_DN18285_c0_g1,26.526285793529407
8,dis_TRINITY_DN1829_c0_g1,11.473711779541963
7,dis_TRINITY_DN18291_c0_g1,24.454371040777147
1,dis_TRINITY_DN18342_c0_g1,11.427748028373744
8,dis_TRINITY_DN18349_c0_g1,12.585047794903284
7,dis_TRINITY_DN18378_c0_g1,14.494037084263308
8,dis_TRINITY_DN184_c0_g2,19.925292319060215
8,dis_TRINITY_DN1841_c0_g3,11.690436005555995
8,dis_TRINITY_DN18418_c0_g4,11.795096481165382
7,dis_TRINITY_DN1842_c0_g2,23.61252620962018
8,dis_TRINITY_DN18454_c0_g1,12.057575004950209
1,dis_TRINITY_DN18458_c0_g1,11.83259705221132
8,dis_TRINITY_DN18485_c0_g2,12.056417544196119
8,dis_TRINITY_DN1850_c0_g1,12.640009374996524
1,dis_TRINITY_DN1852_c0_g1,11.723675831410556
1,dis_TRINITY_DN1857_c0_g1,11.734170827118549
8,dis_TRINITY_DN1867_c0_g2,11.425004726476047
7,dis_TRINITY_DN187_c0_g1,15.60000407051229
1,dis_TRINITY_DN18721_c0_g1,17.293601302215798
1,dis_TRINITY_DN1873_c0_g2,16.831447590745128
2,dis_TRINITY_DN1875_c0_g1,26.349838804061022
1,dis_TRINITY_DN188_c0_g1,25.87838882156306
8,dis_TRINITY_DN18822_c0_g1,13.801558716318965
8,dis_TRINITY_DN1885_c0_g1,11.580029490463312
8,dis_TRINITY_DN18860_c0_g1,13.388128099178017
1,dis_TRINITY_DN18868_c0_g2,12.029536690995212
1,dis_TRINITY_DN18884_c0_g1,14.712497000849313
5,dis_TRINITY_DN1890_c0_g2,12.747484496950761
1,dis_TRINITY_DN18904_c0_g1,11.456888931991966
1,dis_TRINITY_DN18925_c0_g3,12.61847463047733
8,dis_TRINITY_DN18950_c0_g1,11.709980230555473
1,dis_TRINITY_DN18962_c0_g3,12.09470586661784
8,dis_TRINITY_DN18984_c0_g1,25.395651714417568
1,dis_TRINITY_DN190_c0_g1,11.766123405778133
1,dis_TRINITY_DN19017_c0_g1,11.90783536164319
2,dis_TRINITY_DN19056_c0_g1,12.602332006418495
1,dis_TRINITY_DN19060_c0_g1,12.85927618491803
6,dis_TRINITY_DN1907_c0_g1,16.08942152471617
2,dis_TRINITY_DN191_c0_g1,26.586268166104094
1,dis_TRINITY_DN191_c0_g2,27.236029244366733
1,dis_TRINITY_DN191_c1_g2,11.461433025586286
1,dis_TRINITY_DN19102_c0_g1,11.886485561342342
8,dis_TRINITY_DN19141_c0_g1,11.755662082588119
8,dis_TRINITY_DN19147_c0_g1,13.230264547619598
1,dis_TRINITY_DN1915_c0_g3,12.631480910803768
7,dis_TRINITY_DN19153_c0_g1,17.88302275903042
8,dis_TRINITY_DN19169_c0_g6,12.783287761761446
7,dis_TRINITY_DN19171_c0_g2,12.147907885722544
8,dis_TRINITY_DN19176_c0_g1,13.806244999999095
1,dis_TRINITY_DN19180_c0_g1,14.088545347196069
1,dis_TRINITY_DN19182_c0_g2,30.360035062562098
1,dis_TRINITY_DN1919_c0_g1,13.890263748395853
1,dis_TRINITY_DN19211_c0_g1,13.377297597048516
1,dis_TRINITY_DN19213_c0_g2,12.828539667475795
8,dis_TRINITY_DN19223_c0_g2,14.199403191683798
1,dis_TRINITY_DN19261_c0_g2,16.182898936840704
2,dis_TRINITY_DN19266_c0_g1,19.311285482846554
7,dis_TRINITY_DN19275_c0_g1,39.63942190547183
1,dis_TRINITY_DN19304_c0_g1,37.203182995544886
1,dis_TRINITY_DN19316_c0_g5,21.038998146299647
6,dis_TRINITY_DN19330_c0_g1,24.45316554149994
1,dis_TRINITY_DN19345_c0_g1,16.684925172142666
7,dis_TRINITY_DN19353_c0_g1,11.88994688802267
1,dis_TRINITY_DN19356_c1_g1,16.264138925870007
1,dis_TRINITY_DN19383_c1_g1,15.88293587470528
1,dis_TRINITY_DN1939_c0_g1,13.859462471539075
1,dis_TRINITY_DN19414_c0_g2,13.335618170898565
8,dis_TRINITY_DN1945_c0_g1,12.42655406780174
8,dis_TRINITY_DN19479_c0_g1,11.650625734268525
8,dis_TRINITY_DN19481_c0_g1,12.609110039967135
1,dis_TRINITY_DN19509_c0_g1,13.502649851047757
1,dis_TRINITY_DN19515_c0_g1,17.37585905789984
8,dis_TRINITY_DN19524_c0_g3,12.171418076789573
1,dis_TRINITY_DN19530_c1_g1,36.057926437886024
1,dis_TRINITY_DN19552_c0_g1,20.81166723258855
1,dis_TRINITY_DN19556_c0_g3,11.714007256272295
8,dis_TRINITY_DN1961_c0_g1,11.40175425099138
1,dis_TRINITY_DN1963_c0_g4,12.20224442469499
1,dis_TRINITY_DN1966_c0_g1,11.456176630970734
1,dis_TRINITY_DN1968_c0_g1,19.194175314402024
8,dis_TRINITY_DN1968_c0_g2,11.446403539977087
8,dis_TRINITY_DN19686_c0_g2,14.687900428584067
8,dis_TRINITY_DN1971_c0_g2,11.40175425099138
8,dis_TRINITY_DN19763_c0_g1,12.783996988422674
8,dis_TRINITY_DN19763_c0_g2,12.49991315969835
8,dis_TRINITY_DN1979_c0_g1,11.40175425099138
7,dis_TRINITY_DN1981_c0_g1,18.894669168842306
1,dis_TRINITY_DN19882_c0_g1,12.594445204136623
1,dis_TRINITY_DN1993_c0_g1,14.083242027317432
1,dis_TRINITY_DN19957_c0_g4,18.40291830118256
8,dis_TRINITY_DN19970_c0_g1,12.496153168075365
8,dis_TRINITY_DN20_c0_g2,17.187431570772873
8,dis_TRINITY_DN2001_c0_g3,11.525099956182594
8,dis_TRINITY_DN2002_c0_g1,11.96743899086183
8,dis_TRINITY_DN20044_c0_g1,11.947405617957399
1,dis_TRINITY_DN2005_c0_g2,20.839516789023683
2,dis_TRINITY_DN2006_c0_g1,18.395457428397915
8,dis_TRINITY_DN20077_c0_g1,12.025125945286394
8,dis_TRINITY_DN20090_c1_g1,11.827259741799873
8,dis_TRINITY_DN20128_c0_g1,11.77460903809549
1,dis_TRINITY_DN20151_c0_g1,20.579250642333893
8,dis_TRINITY_DN2020_c0_g1,11.64511476972211
8,dis_TRINITY_DN20224_c0_g1,12.212164754866354
7,dis_TRINITY_DN2023_c0_g3,12.529505696554834
1,dis_TRINITY_DN20236_c0_g3,26.5008576276316
1,dis_TRINITY_DN20257_c0_g2,13.518747168284493
8,dis_TRINITY_DN20288_c0_g1,13.654768617592904
1,dis_TRINITY_DN20312_c0_g2,12.017961307975659
1,dis_TRINITY_DN2032_c0_g1,39.980326049195746
1,dis_TRINITY_DN20337_c0_g1,13.207596791241016
1,dis_TRINITY_DN20350_c0_g1,11.640074140657351
8,dis_TRINITY_DN20366_c0_g1,28.196452684690676
8,dis_TRINITY_DN2038_c0_g2,16.88865941985923
8,dis_TRINITY_DN2039_c0_g1,22.42295335142095
1,dis_TRINITY_DN2040_c0_g2,13.399011344125357
1,dis_TRINITY_DN20403_c0_g1,12.733903800484752
1,dis_TRINITY_DN20415_c0_g1,12.517090596460505
2,dis_TRINITY_DN20418_c0_g1,13.979240465776385
7,dis_TRINITY_DN20436_c0_g1,13.818981040583274
6,dis_TRINITY_DN2047_c0_g2,11.525155703937367
1,dis_TRINITY_DN20477_c0_g1,13.114659431338657
7,dis_TRINITY_DN2049_c0_g1,11.540233663145647
1,dis_TRINITY_DN20544_c0_g1,16.78713826118079
1,dis_TRINITY_DN20557_c1_g1,12.714598735312098
1,dis_TRINITY_DN20572_c0_g2,13.687247860691352
1,dis_TRINITY_DN20574_c0_g1,11.740840004020155
2,dis_TRINITY_DN2058_c0_g1,23.58473898519973
1,dis_TRINITY_DN2060_c0_g1,16.38539831679413
8,dis_TRINITY_DN20613_c0_g2,12.465163055491894
8,dis_TRINITY_DN2062_c0_g1,19.441309215173757
1,dis_TRINITY_DN2065_c0_g1,11.888888551921076
1,dis_TRINITY_DN2065_c0_g2,112.76373150530272
8,dis_TRINITY_DN20683_c0_g4,11.88247192296283
7,dis_TRINITY_DN2072_c0_g1,14.986585134712978
2,dis_TRINITY_DN2077_c0_g1,12.026163478017418
1,dis_TRINITY_DN20816_c0_g1,17.283799264050714
8,dis_TRINITY_DN20834_c0_g1,11.457611923956929
1,dis_TRINITY_DN2084_c1_g2,29.51646293172676
1,dis_TRINITY_DN20943_c0_g1,13.39490944351622
1,dis_TRINITY_DN20965_c0_g1,14.258644956656996
1,dis_TRINITY_DN21002_c0_g1,12.492557224203537
7,dis_TRINITY_DN21004_c0_g1,12.34044119956819
2,dis_TRINITY_DN21018_c0_g1,11.965149560285488
1,dis_TRINITY_DN21043_c0_g1,11.700826039216206
1,dis_TRINITY_DN2105_c0_g1,27.86421705341817
8,dis_TRINITY_DN21057_c0_g2,12.431668713410923
7,dis_TRINITY_DN2109_c0_g1,17.80725442060061
1,dis_TRINITY_DN211_c0_g1,11.941986266949062
8,dis_TRINITY_DN21139_c0_g1,24.820422256682097
7,dis_TRINITY_DN21142_c0_g2,13.832573296389938
1,dis_TRINITY_DN21191_c0_g1,16.509545299613798
1,dis_TRINITY_DN21212_c0_g2,12.945091386313193
2,dis_TRINITY_DN21220_c0_g1,31.65913541144167
8,dis_TRINITY_DN21226_c0_g1,12.595597048175208
8,dis_TRINITY_DN2125_c0_g1,12.038063382454839
3,dis_TRINITY_DN21258_c0_g3,12.036053547571147
8,dis_TRINITY_DN21278_c0_g1,12.634112909104461
1,dis_TRINITY_DN21326_c0_g1,11.761528429587713
7,dis_TRINITY_DN21342_c0_g1,12.458567614296598
1,dis_TRINITY_DN21348_c0_g1,12.287969807905617
7,dis_TRINITY_DN21476_c0_g1,12.759836009917995
1,dis_TRINITY_DN2151_c0_g2,13.464743926269078
1,dis_TRINITY_DN21519_c0_g2,14.343080561720345
8,dis_TRINITY_DN21560_c0_g2,14.554999519065605
1,dis_TRINITY_DN21579_c0_g3,11.820094331264874
8,dis_TRINITY_DN2158_c0_g1,16.724144970670398
8,dis_TRINITY_DN21588_c0_g1,12.271801212535998
1,dis_TRINITY_DN21621_c0_g1,14.920246914846953
8,dis_TRINITY_DN21646_c0_g1,38.38432479541616
7,dis_TRINITY_DN21655_c0_g1,11.40175425099138
2,dis_TRINITY_DN21673_c0_g1,11.489574839827625
1,dis_TRINITY_DN21699_c0_g3,16.594430873036895
8,dis_TRINITY_DN2170_c0_g1,11.40175425099138
1,dis_TRINITY_DN2170_c0_g2,11.411722394099849
6,dis_TRINITY_DN21746_c0_g2,12.344017984432783
1,dis_TRINITY_DN21766_c0_g1,11.737483546314346
8,dis_TRINITY_DN21771_c0_g5,12.068974977188411
1,dis_TRINITY_DN2178_c0_g2,13.323374985340614
1,dis_TRINITY_DN2180_c0_g1,12.373965128446097
8,dis_TRINITY_DN21811_c0_g2,13.075418999022556
1,dis_TRINITY_DN21824_c0_g1,12.367454628984898
1,dis_TRINITY_DN21828_c0_g2,14.838199688641476
7,dis_TRINITY_DN2183_c0_g1,12.098217719978427
8,dis_TRINITY_DN2184_c0_g1,14.525447531831851
1,dis_TRINITY_DN21861_c0_g1,12.000225456215396
7,dis_TRINITY_DN21876_c0_g1,13.282370119824249
7,dis_TRINITY_DN219_c0_g1,11.40175425099138
2,dis_TRINITY_DN2191_c0_g2,13.099202113105973
8,dis_TRINITY_DN2199_c0_g1,11.40175425099138
8,dis_TRINITY_DN22_c0_g1,12.845160489460612
1,dis_TRINITY_DN22026_c0_g1,17.38954378354993
2,dis_TRINITY_DN2203_c0_g1,12.74292352641261
5,dis_TRINITY_DN22068_c0_g1,12.713183078993238
8,dis_TRINITY_DN22091_c0_g2,13.005383577580478
1,dis_TRINITY_DN2211_c2_g3,12.159336289452645
2,dis_TRINITY_DN22131_c0_g1,11.81323638974519
8,dis_TRINITY_DN22190_c0_g1,12.501672968047117
8,dis_TRINITY_DN22207_c0_g3,11.834768861283266
1,dis_TRINITY_DN22254_c0_g1,15.704081539523411
1,dis_TRINITY_DN22277_c0_g4,13.31307736776137
1,dis_TRINITY_DN22288_c0_g2,12.527397814390666
1,dis_TRINITY_DN22291_c0_g1,15.84733188899633
5,dis_TRINITY_DN22293_c0_g2,15.245369887280532
8,dis_TRINITY_DN223_c0_g2,11.694057422468902
7,dis_TRINITY_DN22307_c0_g1,11.856736060147412
1,dis_TRINITY_DN22357_c0_g3,12.678876133159436
7,dis_TRINITY_DN2236_c0_g1,11.875544198056778
1,dis_TRINITY_DN22419_c0_g3,11.791443083863824
1,dis_TRINITY_DN22465_c0_g1,32.03662622686728
1,dis_TRINITY_DN22490_c0_g1,12.50389599284959
8,dis_TRINITY_DN225_c0_g1,12.284370028617666
1,dis_TRINITY_DN2255_c0_g2,23.051795526596187
1,dis_TRINITY_DN22588_c0_g2,11.985001501877253
1,dis_TRINITY_DN2260_c0_g1,13.31119957028667
7,dis_TRINITY_DN22667_c0_g1,13.195785084639715
7,dis_TRINITY_DN2267_c0_g1,13.57653155264628
8,dis_TRINITY_DN2268_c0_g1,13.346797968052114
8,dis_TRINITY_DN2270_c0_g1,11.844712702298862
8,dis_TRINITY_DN22713_c0_g1,12.269965973872951
8,dis_TRINITY_DN2273_c0_g2,11.609066241520031
1,dis_TRINITY_DN2279_c0_g1,18.83062383459454
1,dis_TRINITY_DN22861_c0_g1,40.27811693711612
7,dis_TRINITY_DN22895_c0_g2,13.091375328818588
7,dis_TRINITY_DN22904_c0_g3,13.047889944354989
8,dis_TRINITY_DN22904_c0_g6,16.273074540479435
8,dis_TRINITY_DN22957_c0_g2,16.722149413278185
8,dis_TRINITY_DN22975_c0_g1,12.514113192711658
1,dis_TRINITY_DN23_c0_g4,20.860829441803123
1,dis_TRINITY_DN230_c0_g1,14.398470543776517
1,dis_TRINITY_DN2300_c0_g1,13.131081219762523
1,dis_TRINITY_DN23055_c0_g1,13.079400750798944
7,dis_TRINITY_DN23106_c0_g2,13.238660053041622
1,dis_TRINITY_DN23129_c0_g1,11.556910616596461
1,dis_TRINITY_DN2318_c0_g1,11.770374675429835
1,dis_TRINITY_DN23204_c0_g1,17.911046256430694
8,dis_TRINITY_DN2323_c4_g1,12.244547970423408
2,dis_TRINITY_DN23248_c0_g1,12.025990354228629
1,dis_TRINITY_DN23271_c0_g1,14.105842123035405
1,dis_TRINITY_DN23293_c0_g1,11.691211485556149
1,dis_TRINITY_DN23293_c0_g5,11.916622591993086
7,dis_TRINITY_DN23298_c0_g3,19.208862746138823
2,dis_TRINITY_DN23299_c0_g1,12.342576756901291
8,dis_TRINITY_DN233_c0_g1,13.17678557160281
6,dis_TRINITY_DN23309_c0_g1,12.533870232294573
8,dis_TRINITY_DN23310_c0_g2,11.748921780316694
2,dis_TRINITY_DN23315_c0_g1,12.514738670863247
8,dis_TRINITY_DN23317_c0_g1,12.515845436885197
8,dis_TRINITY_DN23326_c0_g1,11.64150617403092
8,dis_TRINITY_DN23328_c0_g3,13.863911893834294
8,dis_TRINITY_DN23343_c0_g1,11.65909700620078
7,dis_TRINITY_DN23348_c0_g1,12.680785819498727
1,dis_TRINITY_DN23378_c0_g1,11.614301356517318
5,dis_TRINITY_DN23419_c0_g1,11.436483025825728
2,dis_TRINITY_DN23425_c0_g1,12.34895084612454
8,dis_TRINITY_DN23443_c0_g1,12.31940221764027
1,dis_TRINITY_DN23460_c0_g4,13.78752095193331
8,dis_TRINITY_DN23467_c0_g2,24.830398808718314
7,dis_TRINITY_DN23468_c0_g1,15.14712160775109
2,dis_TRINITY_DN23476_c0_g1,12.525500229531753
8,dis_TRINITY_DN23484_c0_g2,11.532688845191307
7,dis_TRINITY_DN235_c0_g1,11.45797770114779
1,dis_TRINITY_DN2354_c0_g2,11.612164096325886
8,dis_TRINITY_DN23587_c1_g1,30.61942332899168
1,dis_TRINITY_DN23592_c0_g1,13.264292103237171
8,dis_TRINITY_DN23623_c1_g5,13.25032773179592
8,dis_TRINITY_DN2363_c0_g3,11.443099492707384
2,dis_TRINITY_DN2365_c0_g1,26.11780293209978
7,dis_TRINITY_DN2367_c0_g1,12.519715172478964
8,dis_TRINITY_DN2368_c0_g1,11.40175425099138
8,dis_TRINITY_DN23735_c0_g2,11.597172413998164
8,dis_TRINITY_DN23736_c0_g1,11.549635189043851
2,dis_TRINITY_DN23767_c0_g1,15.71400397734454
8,dis_TRINITY_DN23767_c0_g2,13.273431621099345
1,dis_TRINITY_DN238_c0_g1,12.675760134997821
1,dis_TRINITY_DN23871_c0_g1,12.203668382908477
7,dis_TRINITY_DN23883_c0_g2,13.322026084646435
8,dis_TRINITY_DN23905_c0_g5,12.815259458941906
7,dis_TRINITY_DN2392_c1_g2,25.60544073043852
8,dis_TRINITY_DN23930_c0_g1,11.642875847487167
8,dis_TRINITY_DN23933_c0_g1,11.476909078667479
1,dis_TRINITY_DN2395_c0_g1,18.835278840516274
1,dis_TRINITY_DN24006_c0_g1,12.612067514884306
2,dis_TRINITY_DN24038_c0_g1,13.577816392925632
3,dis_TRINITY_DN2405_c0_g1,19.968478409733677
8,dis_TRINITY_DN2408_c0_g1,12.85824894766002
1,dis_TRINITY_DN2408_c0_g4,12.416011195226911
8,dis_TRINITY_DN2416_c0_g2,11.785822457512246
1,dis_TRINITY_DN2418_c0_g1,39.462305140475515
1,dis_TRINITY_DN24185_c0_g4,11.738129322852087
1,dis_TRINITY_DN24240_c0_g1,28.191132116323388
2,dis_TRINITY_DN24301_c0_g5,13.560253574325223
1,dis_TRINITY_DN24354_c0_g1,19.166350930732747
1,dis_TRINITY_DN2436_c0_g1,29.99981776611318
8,dis_TRINITY_DN2438_c0_g2,11.770669309771641
1,dis_TRINITY_DN24397_c2_g3,29.168508960863942
1,dis_TRINITY_DN24397_c2_g4,13.046055419167894
7,dis_TRINITY_DN24403_c0_g2,13.441604219735083
8,dis_TRINITY_DN2442_c0_g1,25.186517742633658
1,dis_TRINITY_DN2449_c0_g3,12.337226957464955
2,dis_TRINITY_DN24499_c0_g1,32.521233094702914
2,dis_TRINITY_DN24499_c0_g2,11.588807229391643
1,dis_TRINITY_DN245_c0_g1,12.508549636148869
6,dis_TRINITY_DN2450_c0_g3,12.82760819482728
8,dis_TRINITY_DN2452_c0_g1,12.173476085325834
7,dis_TRINITY_DN24553_c0_g2,21.133797292488637
1,dis_TRINITY_DN24555_c0_g1,12.753134477452985
6,dis_TRINITY_DN2465_c0_g2,12.207977637594198
1,dis_TRINITY_DN2466_c0_g1,15.016110548341072
4,dis_TRINITY_DN24694_c0_g1,13.33033375426137
8,dis_TRINITY_DN24729_c0_g1,11.960434649292642
8,dis_TRINITY_DN24751_c0_g2,11.998919618032284
1,dis_TRINITY_DN24803_c0_g1,12.840882952507588
8,dis_TRINITY_DN24998_c0_g1,12.419708370167152
1,dis_TRINITY_DN25012_c0_g2,11.531379492497852
5,dis_TRINITY_DN25060_c0_g7,98.12388239873104
8,dis_TRINITY_DN2513_c0_g2,11.410770350857124
8,dis_TRINITY_DN2513_c0_g4,11.571285581127103
1,dis_TRINITY_DN25163_c0_g1,12.090592169120585
1,dis_TRINITY_DN2524_c0_g1,11.509025067311306
2,dis_TRINITY_DN2525_c1_g1,12.763146673136685
1,dis_TRINITY_DN253_c0_g1,13.470966557749298
1,dis_TRINITY_DN2531_c0_g1,11.495697542994074
8,dis_TRINITY_DN25315_c0_g1,11.438405570707832
8,dis_TRINITY_DN25316_c0_g1,11.702586338070743
8,dis_TRINITY_DN25338_c0_g1,11.537329110327052
8,dis_TRINITY_DN25351_c0_g1,11.740078449482354
1,dis_TRINITY_DN25358_c0_g1,12.82105147794049
1,dis_TRINITY_DN25366_c0_g1,17.228489138633137
1,dis_TRINITY_DN25368_c0_g2,25.489115951715547
8,dis_TRINITY_DN25375_c1_g1,11.691314340141574
3,dis_TRINITY_DN25382_c0_g1,27.139703038169007
8,dis_TRINITY_DN25404_c0_g1,44.56607015432256
8,dis_TRINITY_DN25415_c0_g1,14.53775759874954
1,dis_TRINITY_DN25444_c0_g1,11.862192714671263
1,dis_TRINITY_DN25505_c0_g1,37.23378951973597
6,dis_TRINITY_DN25611_c0_g1,11.98244336519059
1,dis_TRINITY_DN25611_c0_g2,11.956869155426935
2,dis_TRINITY_DN25624_c0_g1,11.967105832238637
2,dis_TRINITY_DN25641_c0_g1,12.615327185610367
8,dis_TRINITY_DN2569_c0_g1,11.504694693906483
1,dis_TRINITY_DN2570_c0_g2,11.694396777944556
2,dis_TRINITY_DN25725_c0_g1,14.437237616663376
5,dis_TRINITY_DN2573_c0_g3,16.714265972515815
1,dis_TRINITY_DN2573_c0_g4,11.632759045041722
8,dis_TRINITY_DN25743_c0_g1,12.555069932103127
1,dis_TRINITY_DN25765_c0_g1,12.419800682780703
2,dis_TRINITY_DN2579_c0_g1,13.573834204085447
8,dis_TRINITY_DN25790_c0_g1,12.471388735822487
1,dis_TRINITY_DN25845_c0_g1,12.98313028510459
8,dis_TRINITY_DN25869_c1_g4,12.181493832859745
1,dis_TRINITY_DN2590_c0_g1,14.11595802629067
1,dis_TRINITY_DN25998_c0_g2,12.525295764970982
7,dis_TRINITY_DN26049_c0_g1,11.77597894019856
1,dis_TRINITY_DN26058_c0_g1,12.486492221596905
1,dis_TRINITY_DN2606_c0_g1,12.475257111578903
8,dis_TRINITY_DN261_c2_g2,11.731112052998215
8,dis_TRINITY_DN261_c5_g1,11.852843835974554
4,dis_TRINITY_DN2615_c0_g1,12.023471919541377
7,dis_TRINITY_DN26152_c0_g1,12.315404743653373
1,dis_TRINITY_DN2617_c0_g1,33.146346706688504
7,dis_TRINITY_DN26198_c0_g1,45.651747567864255
1,dis_TRINITY_DN26198_c0_g2,13.23232530585611
8,dis_TRINITY_DN262_c0_g1,14.960698579946058
1,dis_TRINITY_DN2621_c0_g2,13.490356259194936
8,dis_TRINITY_DN2622_c0_g3,12.49962551439042
1,dis_TRINITY_DN2625_c0_g2,13.674942303351777
1,dis_TRINITY_DN2626_c0_g4,11.537899245529925
7,dis_TRINITY_DN2630_c0_g1,11.640786614314344
8,dis_TRINITY_DN26386_c0_g1,11.894645055654246
1,dis_TRINITY_DN26406_c0_g1,12.375674769482268
8,dis_TRINITY_DN26457_c0_g1,11.535480657519217
8,dis_TRINITY_DN26461_c0_g1,11.551177732162206
2,dis_TRINITY_DN26474_c0_g1,16.777980212170952
8,dis_TRINITY_DN26505_c0_g1,14.53976481928095
1,dis_TRINITY_DN26512_c0_g1,14.54784887878617
1,dis_TRINITY_DN26558_c0_g2,18.685547275902838
1,dis_TRINITY_DN2659_c0_g2,17.391586845368654
1,dis_TRINITY_DN2663_c0_g3,13.077077464020773
8,dis_TRINITY_DN26640_c0_g1,11.9154808127914
1,dis_TRINITY_DN2667_c0_g1,12.653357024916351
8,dis_TRINITY_DN26723_c0_g1,12.959783447264849
2,dis_TRINITY_DN26729_c0_g1,13.762259153205916
8,dis_TRINITY_DN26731_c0_g1,21.043807497693948
7,dis_TRINITY_DN2674_c0_g1,11.40175425099138
1,dis_TRINITY_DN26788_c0_g2,13.121676188658215
1,dis_TRINITY_DN26838_c0_g1,15.471208226896826
8,dis_TRINITY_DN2684_c0_g1,15.340846423845067
2,dis_TRINITY_DN2688_c0_g1,11.751017572959373
1,dis_TRINITY_DN26896_c0_g1,12.15819172410108
1,dis_TRINITY_DN26912_c0_g1,12.474888215932037
6,dis_TRINITY_DN2692_c0_g1,13.093641166612136
1,dis_TRINITY_DN2693_c0_g5,12.291839488050599
1,dis_TRINITY_DN26988_c0_g1,13.0642594891559
1,dis_TRINITY_DN27_c0_g1,23.283097001902473
1,dis_TRINITY_DN2701_c0_g1,12.45381114358171
1,dis_TRINITY_DN271_c0_g1,13.760576332407013
1,dis_TRINITY_DN2711_c0_g1,11.521122297762489
8,dis_TRINITY_DN27213_c0_g1,22.026062380734327
2,dis_TRINITY_DN27243_c0_g1,12.794359030447755
1,dis_TRINITY_DN2726_c0_g1,11.719206969756955
7,dis_TRINITY_DN27354_c0_g2,28.559944730338678
1,dis_TRINITY_DN27359_c0_g2,12.612278461879916
1,dis_TRINITY_DN27373_c0_g1,14.524362980867698
1,dis_TRINITY_DN274_c0_g1,12.247645283890288
2,dis_TRINITY_DN27422_c0_g1,11.972916520213444
7,dis_TRINITY_DN27470_c1_g1,12.72826480711334
7,dis_TRINITY_DN27477_c0_g1,12.260848747130028
8,dis_TRINITY_DN2748_c0_g1,11.447832982708997
1,dis_TRINITY_DN2750_c0_g2,12.193950590354218
5,dis_TRINITY_DN27518_c0_g1,15.043742386786608
7,dis_TRINITY_DN2757_c0_g1,12.306907410068542
8,dis_TRINITY_DN2759_c0_g1,12.113625262488517
1,dis_TRINITY_DN2767_c0_g1,12.311288803370669
7,dis_TRINITY_DN2785_c0_g1,11.538471995892698
1,dis_TRINITY_DN2789_c0_g1,12.727862035707332
8,dis_TRINITY_DN28_c0_g2,11.571237747103808
7,dis_TRINITY_DN28007_c0_g1,15.728690663879178
7,dis_TRINITY_DN2802_c0_g1,32.65515694342932
7,dis_TRINITY_DN28021_c0_g1,18.074461734723943
8,dis_TRINITY_DN2804_c0_g5,11.472744135558852
8,dis_TRINITY_DN28041_c0_g1,25.363638126262565
8,dis_TRINITY_DN2808_c0_g1,13.028132905370592
8,dis_TRINITY_DN28082_c0_g2,21.996615716968826
1,dis_TRINITY_DN2809_c0_g1,12.2632988628672
8,dis_TRINITY_DN2814_c0_g6,12.38332536114593
8,dis_TRINITY_DN28220_c0_g1,11.966856771934726
8,dis_TRINITY_DN2827_c0_g2,11.753488801202815
1,dis_TRINITY_DN28308_c0_g1,26.743248587260297
8,dis_TRINITY_DN2833_c0_g1,12.908410630282878
7,dis_TRINITY_DN28348_c0_g2,13.016218767368656
1,dis_TRINITY_DN2839_c0_g1,12.374745088283637
1,dis_TRINITY_DN28443_c0_g1,11.957325662538425
8,dis_TRINITY_DN28472_c0_g1,19.9016748541423
2,dis_TRINITY_DN2848_c0_g1,11.763314498898684
2,dis_TRINITY_DN28484_c0_g1,15.931225690448303
8,dis_TRINITY_DN28504_c0_g1,14.417525827963686
1,dis_TRINITY_DN2853_c4_g3,36.68158993282598
8,dis_TRINITY_DN28569_c0_g2,12.009348858285366
1,dis_TRINITY_DN28577_c0_g1,17.636596156855212
7,dis_TRINITY_DN28593_c0_g1,12.933238766836403
1,dis_TRINITY_DN286_c0_g1,17.13587777150619
1,dis_TRINITY_DN2860_c0_g2,11.82463031134589
8,dis_TRINITY_DN28664_c0_g2,11.50230372577598
1,dis_TRINITY_DN28743_c0_g1,15.177296366612863
7,dis_TRINITY_DN28749_c0_g1,14.504837917053743
4,dis_TRINITY_DN28763_c0_g2,57.907307682191544
8,dis_TRINITY_DN2886_c0_g1,11.414875776809838
1,dis_TRINITY_DN2887_c0_g1,11.54760849700058
8,dis_TRINITY_DN28966_c0_g2,13.44791920707438
8,dis_TRINITY_DN2899_c0_g1,14.648507534899247
8,dis_TRINITY_DN29_c0_g1,18.027871061220736
1,dis_TRINITY_DN29059_c0_g1,11.808115853090197
6,dis_TRINITY_DN2917_c0_g1,11.491980290620063
1,dis_TRINITY_DN2918_c0_g1,11.40175425099138
1,dis_TRINITY_DN29184_c0_g1,14.811597415538946
1,dis_TRINITY_DN29267_c0_g1,16.544050501615377
7,dis_TRINITY_DN29273_c0_g3,12.756504576097639
8,dis_TRINITY_DN29313_c0_g4,17.046938610788743
7,dis_TRINITY_DN29325_c0_g2,11.749038769192993
8,dis_TRINITY_DN29325_c0_g3,11.69419385849234
1,dis_TRINITY_DN2934_c0_g1,29.486884999945314
8,dis_TRINITY_DN29347_c0_g1,12.656822903082748
8,dis_TRINITY_DN2942_c0_g1,14.056714480987369
8,dis_TRINITY_DN2943_c0_g1,11.527535035730752
6,dis_TRINITY_DN29449_c0_g1,20.511871903851194
7,dis_TRINITY_DN2947_c1_g2,11.490467570991182
8,dis_TRINITY_DN2948_c0_g1,19.734736912358372
1,dis_TRINITY_DN2951_c0_g1,23.29127323698728
8,dis_TRINITY_DN29542_c0_g1,12.249740813584587
8,dis_TRINITY_DN29556_c0_g1,18.249942328676
8,dis_TRINITY_DN29560_c0_g2,12.865999611378822
1,dis_TRINITY_DN29578_c0_g2,16.33123115383528
8,dis_TRINITY_DN29586_c0_g1,11.693282558802725
1,dis_TRINITY_DN296_c0_g1,15.467062261463875
1,dis_TRINITY_DN296_c0_g2,31.893176746758858
8,dis_TRINITY_DN2960_c0_g1,11.566658722379596
8,dis_TRINITY_DN29600_c0_g1,11.8706232776548
6,dis_TRINITY_DN29608_c0_g2,12.620183913081458
8,dis_TRINITY_DN29614_c0_g1,18.734411920313914
8,dis_TRINITY_DN29625_c0_g1,13.926702337595932
7,dis_TRINITY_DN29674_c0_g1,12.132783522341441
2,dis_TRINITY_DN2968_c0_g2,11.793704210297967
7,dis_TRINITY_DN29688_c0_g1,18.819285347748995
8,dis_TRINITY_DN297_c0_g1,11.40175425099138
2,dis_TRINITY_DN29723_c0_g1,16.75548289366797
1,dis_TRINITY_DN2982_c0_g1,12.057014389972338
1,dis_TRINITY_DN2982_c0_g3,11.840648335289753
7,dis_TRINITY_DN2982_c0_g4,11.485650525764747
8,dis_TRINITY_DN29821_c0_g2,23.415074097683313
1,dis_TRINITY_DN29876_c0_g2,11.675705931548636
1,dis_TRINITY_DN29884_c0_g1,12.506200062369066
6,dis_TRINITY_DN2989_c0_g1,12.606620641551803
1,dis_TRINITY_DN2993_c1_g3,12.750366151605217
8,dis_TRINITY_DN29932_c0_g1,12.08349845864185
1,dis_TRINITY_DN2994_c0_g1,17.89709373054743
4,dis_TRINITY_DN30_c0_g1,24.09649991181292
8,dis_TRINITY_DN30008_c1_g1,11.786633488829624
8,dis_TRINITY_DN3001_c0_g1,11.424248246602488
7,dis_TRINITY_DN30048_c0_g6,17.876601047178962
8,dis_TRINITY_DN3008_c0_g2,12.414814376381146
8,dis_TRINITY_DN301_c0_g1,12.018221207816072
1,dis_TRINITY_DN30106_c0_g2,11.476274177624026
1,dis_TRINITY_DN30135_c0_g1,11.704285411762651
7,dis_TRINITY_DN3018_c0_g1,14.163469737320725
7,dis_TRINITY_DN30208_c0_g1,11.541720538983778
2,dis_TRINITY_DN3027_c0_g7,11.40175425099138
8,dis_TRINITY_DN3028_c0_g1,12.186574334077646
1,dis_TRINITY_DN3034_c0_g2,11.761840119641144
6,dis_TRINITY_DN3036_c0_g1,12.030371980948885
8,dis_TRINITY_DN3039_c0_g2,11.446911242776368
8,dis_TRINITY_DN3043_c0_g1,11.823800700282462
2,dis_TRINITY_DN305_c0_g1,12.401321824708848
8,dis_TRINITY_DN30502_c0_g1,11.40175425099138
1,dis_TRINITY_DN30508_c0_g1,12.843244917076058
2,dis_TRINITY_DN3053_c0_g4,15.41202838694505
2,dis_TRINITY_DN30533_c0_g1,31.47842149790869
8,dis_TRINITY_DN3066_c0_g4,18.02790850320691
8,dis_TRINITY_DN3069_c0_g1,14.369405763635461
1,dis_TRINITY_DN3072_c0_g1,13.12138971298391
8,dis_TRINITY_DN3085_c0_g2,13.626753942153648
1,dis_TRINITY_DN3089_c0_g6,21.642334231778236
8,dis_TRINITY_DN3090_c0_g2,12.994930703932207
8,dis_TRINITY_DN3090_c0_g6,11.609932213411067
7,dis_TRINITY_DN3091_c0_g1,29.75958457371339
8,dis_TRINITY_DN3091_c0_g2,13.184030036373551
8,dis_TRINITY_DN3094_c0_g2,12.336701422989858
8,dis_TRINITY_DN3095_c0_g1,11.439721849765403
6,dis_TRINITY_DN31_c0_g1,13.352677559201375
6,dis_TRINITY_DN31080_c0_g1,12.150166747826962
7,dis_TRINITY_DN3120_c0_g1,22.657955534425433
8,dis_TRINITY_DN31242_c0_g1,11.405464918187246
8,dis_TRINITY_DN3127_c0_g1,11.70447683580945
8,dis_TRINITY_DN3130_c0_g2,12.435317969396682
4,dis_TRINITY_DN3131_c0_g1,25.61172747004778
1,dis_TRINITY_DN31335_c0_g1,11.451539940112857
8,dis_TRINITY_DN31347_c0_g1,11.499302804953004
1,dis_TRINITY_DN314_c0_g3,14.669543039917773
1,dis_TRINITY_DN3140_c1_g1,14.419112940815742
1,dis_TRINITY_DN3144_c0_g1,13.440751876290255
7,dis_TRINITY_DN31488_c0_g1,14.585329032970082
1,dis_TRINITY_DN3150_c0_g1,11.562828979103687
1,dis_TRINITY_DN3151_c0_g5,12.193435775038962
8,dis_TRINITY_DN3153_c0_g1,39.80956322292421
8,dis_TRINITY_DN31531_c0_g1,11.839318603703509
8,dis_TRINITY_DN3155_c0_g1,11.784381528107446
8,dis_TRINITY_DN3157_c0_g1,11.587716988259594
2,dis_TRINITY_DN3157_c0_g2,11.660334900850833
2,dis_TRINITY_DN3163_c1_g2,24.30417647236787
8,dis_TRINITY_DN31646_c0_g1,11.950377567257027
1,dis_TRINITY_DN31669_c1_g1,19.5933295792216
1,dis_TRINITY_DN31669_c1_g2,17.857841722895856
6,dis_TRINITY_DN31685_c0_g1,11.497525559875916
1,dis_TRINITY_DN3170_c0_g1,21.068107318883676
1,dis_TRINITY_DN3176_c0_g1,11.526232125026807
2,dis_TRINITY_DN3182_c0_g1,12.304708773473674
1,dis_TRINITY_DN31831_c0_g1,22.888544558359317
1,dis_TRINITY_DN31866_c0_g1,13.427910187367207
6,dis_TRINITY_DN3187_c0_g1,12.726019134041879
1,dis_TRINITY_DN31871_c0_g1,72.8353981454073
8,dis_TRINITY_DN31872_c0_g2,12.307492758478471
1,dis_TRINITY_DN3189_c0_g1,11.702818634841778
8,dis_TRINITY_DN3194_c0_g2,18.824833252913557
7,dis_TRINITY_DN31952_c1_g1,11.40175425099138
1,dis_TRINITY_DN31959_c0_g1,15.168754365471147
7,dis_TRINITY_DN32_c0_g3,11.624386048303798
8,dis_TRINITY_DN32_c0_g5,12.477900945271204
1,dis_TRINITY_DN32_c0_g6,12.095351793147648
1,dis_TRINITY_DN320_c0_g1,13.014122828681154
1,dis_TRINITY_DN32076_c0_g1,15.56289568171682
8,dis_TRINITY_DN32088_c0_g1,11.870422654648824
1,dis_TRINITY_DN321_c1_g3,12.743882807056881
8,dis_TRINITY_DN3215_c0_g1,24.399766556260328
5,dis_TRINITY_DN32152_c0_g1,11.930391485613537
1,dis_TRINITY_DN32187_c0_g1,12.223251326876985
1,dis_TRINITY_DN32221_c0_g1,21.62504564157033
1,dis_TRINITY_DN3223_c0_g1,12.243060687589521
1,dis_TRINITY_DN3231_c0_g1,14.93602570967257
7,dis_TRINITY_DN3237_c0_g1,12.226864683965387
8,dis_TRINITY_DN3249_c0_g1,16.799228732296015
8,dis_TRINITY_DN32491_c0_g1,12.383846575277005
7,dis_TRINITY_DN325_c0_g1,11.620334160427573
7,dis_TRINITY_DN3251_c0_g1,11.955539385573534
8,dis_TRINITY_DN32514_c0_g1,14.921786354186954
1,dis_TRINITY_DN3255_c0_g1,14.088958265251552
8,dis_TRINITY_DN3258_c0_g1,11.425307698263536
8,dis_TRINITY_DN32593_c0_g1,41.813959403529346
2,dis_TRINITY_DN3269_c0_g1,12.260460961970395
8,dis_TRINITY_DN32777_c0_g1,11.970972934561335
8,dis_TRINITY_DN32784_c0_g2,11.824067109078838
1,dis_TRINITY_DN3279_c0_g1,12.649150643422665
1,dis_TRINITY_DN328_c0_g4,11.791648018830955
8,dis_TRINITY_DN3283_c0_g1,12.175640927688365
1,dis_TRINITY_DN3284_c1_g2,12.306500924308258
1,dis_TRINITY_DN32845_c0_g1,17.07774572360181
1,dis_TRINITY_DN3285_c0_g3,12.765423651410869
1,dis_TRINITY_DN32895_c0_g1,11.434186984652648
5,dis_TRINITY_DN329_c0_g1,12.246246241195708
1,dis_TRINITY_DN3291_c0_g1,11.482690712546427
6,dis_TRINITY_DN32940_c0_g1,24.214391216795022
8,dis_TRINITY_DN32985_c0_g1,11.99570860766466
1,dis_TRINITY_DN3304_c0_g2,11.86212889830489
1,dis_TRINITY_DN33055_c0_g1,11.619348518742349
1,dis_TRINITY_DN3314_c0_g1,12.579685926127091
2,dis_TRINITY_DN33173_c0_g1,12.20100950741372
8,dis_TRINITY_DN3318_c0_g1,11.846836793000907
1,dis_TRINITY_DN3319_c0_g1,18.79907814229198
1,dis_TRINITY_DN33366_c0_g1,34.243020850970495
8,dis_TRINITY_DN3340_c0_g1,11.767161467405808
2,dis_TRINITY_DN3344_c0_g1,17.60278946644537
1,dis_TRINITY_DN33467_c0_g4,13.844214315012607
8,dis_TRINITY_DN3353_c0_g3,11.693225987724688
1,dis_TRINITY_DN3359_c0_g1,11.680129451337429
6,dis_TRINITY_DN3359_c0_g3,21.78532193932419
1,dis_TRINITY_DN3363_c0_g4,29.755172474714374
8,dis_TRINITY_DN33684_c0_g1,12.062819819594422
7,dis_TRINITY_DN33846_c0_g1,12.556988333195186
8,dis_TRINITY_DN3385_c0_g4,31.915389203329482
8,dis_TRINITY_DN3385_c0_g5,21.711568183804687
1,dis_TRINITY_DN3387_c0_g3,35.834898395279424
7,dis_TRINITY_DN339_c0_g1,12.41722130752287
1,dis_TRINITY_DN33940_c0_g1,12.05590369901817
1,dis_TRINITY_DN34019_c0_g1,11.861882607748232
8,dis_TRINITY_DN3411_c0_g1,12.109059129428678
1,dis_TRINITY_DN34135_c0_g1,11.958993728570979
8,dis_TRINITY_DN3418_c0_g1,12.75476899046
1,dis_TRINITY_DN34181_c0_g1,12.54857525777329
8,dis_TRINITY_DN34210_c0_g1,12.510048960735526
8,dis_TRINITY_DN34322_c0_g1,11.535124576700506
1,dis_TRINITY_DN34336_c0_g1,12.06575078476263
1,dis_TRINITY_DN344_c0_g3,13.56940569811368
7,dis_TRINITY_DN34494_c0_g2,12.598140061136009
1,dis_TRINITY_DN34498_c0_g1,11.678788464562581
8,dis_TRINITY_DN3453_c0_g4,11.714074227185007
7,dis_TRINITY_DN34622_c0_g1,14.414102746962781
8,dis_TRINITY_DN34668_c0_g1,12.09897694022102
8,dis_TRINITY_DN3468_c0_g1,11.62608197115434
1,dis_TRINITY_DN34684_c0_g1,11.888751868888509
7,dis_TRINITY_DN34726_c0_g1,15.711085863173176
1,dis_TRINITY_DN348_c0_g2,12.268592584318707
8,dis_TRINITY_DN3488_c1_g1,11.52332395622027
1,dis_TRINITY_DN3494_c0_g2,12.985573071682282
2,dis_TRINITY_DN34964_c0_g1,11.962266006070923
1,dis_TRINITY_DN34977_c0_g1,25.79353959812418
7,dis_TRINITY_DN34987_c1_g1,13.717950867385406
8,dis_TRINITY_DN3501_c0_g1,11.975996033733477
8,dis_TRINITY_DN3504_c0_g2,16.57943147396798
4,dis_TRINITY_DN3505_c0_g3,17.522213387583204
8,dis_TRINITY_DN351_c0_g1,13.351544966781935
1,dis_TRINITY_DN351_c0_g4,11.854755374953967
8,dis_TRINITY_DN3519_c0_g1,12.401332912231652
1,dis_TRINITY_DN3520_c0_g3,12.092426596841511
2,dis_TRINITY_DN3520_c0_g4,12.314650543153874
7,dis_TRINITY_DN35215_c0_g3,12.102433887445946
1,dis_TRINITY_DN3523_c0_g2,12.81285565360041
1,dis_TRINITY_DN3525_c0_g1,11.770989847926979
1,dis_TRINITY_DN3525_c0_g4,12.111102963809696
7,dis_TRINITY_DN3548_c0_g1,11.40175425099138
1,dis_TRINITY_DN355_c0_g2,14.319906284609548
1,dis_TRINITY_DN355_c0_g3,48.3558785568001
1,dis_TRINITY_DN35537_c0_g1,20.410974988961208
8,dis_TRINITY_DN3554_c0_g1,11.40175425099138
5,dis_TRINITY_DN3558_c1_g5,13.069060907349082
8,dis_TRINITY_DN35605_c0_g1,29.355128478683245
7,dis_TRINITY_DN35650_c0_g1,14.930272469047576
7,dis_TRINITY_DN3574_c0_g1,16.773139151631696
2,dis_TRINITY_DN35743_c0_g1,15.100990927750404
1,dis_TRINITY_DN358_c0_g1,11.990361337340923
8,dis_TRINITY_DN358_c0_g6,23.117167278886054
2,dis_TRINITY_DN35807_c0_g1,12.639279330721353
8,dis_TRINITY_DN3584_c0_g2,12.566700163527416
1,dis_TRINITY_DN3586_c1_g1,18.353488306041445
7,dis_TRINITY_DN35894_c0_g1,15.433311051099826
1,dis_TRINITY_DN3590_c1_g1,12.0100310157801
7,dis_TRINITY_DN360_c0_g1,18.332077787310418
1,dis_TRINITY_DN3600_c0_g2,17.495173391538593
8,dis_TRINITY_DN36029_c0_g2,15.711188592846819
1,dis_TRINITY_DN3603_c0_g2,11.819120271830727
8,dis_TRINITY_DN3609_c0_g3,12.559154907874973
7,dis_TRINITY_DN3612_c0_g1,11.40175425099138
8,dis_TRINITY_DN36248_c0_g1,12.234052517461253
7,dis_TRINITY_DN3633_c0_g3,11.40175425099138
1,dis_TRINITY_DN364_c0_g1,21.93053380563273
7,dis_TRINITY_DN3642_c0_g1,12.359705700379763
7,dis_TRINITY_DN36579_c0_g1,11.443206718398475
1,dis_TRINITY_DN3663_c0_g1,13.128474816215325
1,dis_TRINITY_DN3667_c0_g1,15.041115783079393
7,dis_TRINITY_DN3671_c0_g1,11.725478071277095
8,dis_TRINITY_DN36736_c0_g1,51.35508031344124
2,dis_TRINITY_DN3674_c0_g1,14.783542843310597
1,dis_TRINITY_DN3692_c0_g1,23.55911761929975
1,dis_TRINITY_DN3696_c0_g1,11.58944903781021
1,dis_TRINITY_DN36962_c0_g1,15.499607607936401
1,dis_TRINITY_DN372_c0_g1,19.449922184934312
1,dis_TRINITY_DN372_c0_g2,11.643361327383085
1,dis_TRINITY_DN3720_c0_g1,11.955311622872905
2,dis_TRINITY_DN3728_c1_g7,20.062667669081296
1,dis_TRINITY_DN3735_c0_g4,11.842872413397012
6,dis_TRINITY_DN37453_c0_g1,27.727139971515275
1,dis_TRINITY_DN37464_c0_g1,18.8259531232817
3,dis_TRINITY_DN3747_c0_g1,11.410978398016535
2,dis_TRINITY_DN3747_c0_g6,11.40175425099138
7,dis_TRINITY_DN3750_c0_g8,14.214546739168295
8,dis_TRINITY_DN3753_c0_g4,11.548034724575432
1,dis_TRINITY_DN376_c0_g1,13.892566357588507
1,dis_TRINITY_DN37607_c0_g1,11.442667215295566
8,dis_TRINITY_DN37773_c0_g1,12.252689867943284
8,dis_TRINITY_DN37783_c0_g1,11.969357376233695
7,dis_TRINITY_DN3780_c0_g1,11.411317846769496
8,dis_TRINITY_DN3780_c0_g3,11.409802364633666
7,dis_TRINITY_DN379_c0_g2,11.414662062452834
8,dis_TRINITY_DN3790_c0_g7,12.004533601935561
2,dis_TRINITY_DN3793_c0_g5,13.561457738753603
8,dis_TRINITY_DN3799_c0_g6,11.889394896293082
1,dis_TRINITY_DN380_c0_g3,23.52829196945669
8,dis_TRINITY_DN3802_c0_g1,29.84023057886785
1,dis_TRINITY_DN38152_c0_g1,12.177619061212253
8,dis_TRINITY_DN38171_c0_g2,12.059480627290712
2,dis_TRINITY_DN38237_c0_g3,13.009258895110051
1,dis_TRINITY_DN38246_c0_g1,27.80170706989051
8,dis_TRINITY_DN38268_c0_g2,12.734866783755534
8,dis_TRINITY_DN3827_c0_g3,43.141513000820915
8,dis_TRINITY_DN3828_c0_g2,12.7862487853162
8,dis_TRINITY_DN3833_c0_g2,30.437955056146595
1,dis_TRINITY_DN38427_c0_g1,42.72642801592476
1,dis_TRINITY_DN3845_c0_g2,11.40175425099138
8,dis_TRINITY_DN3852_c0_g1,11.425647552764788
1,dis_TRINITY_DN3852_c0_g2,12.311127690020927
1,dis_TRINITY_DN3858_c0_g2,12.243932987402372
1,dis_TRINITY_DN3860_c0_g1,40.34455926144193
8,dis_TRINITY_DN3860_c0_g9,17.976991405682988
1,dis_TRINITY_DN3883_c0_g1,19.027376960579723
8,dis_TRINITY_DN3885_c0_g1,11.759081384189837
7,dis_TRINITY_DN3887_c2_g1,12.447335698855397
2,dis_TRINITY_DN3893_c0_g2,13.33078489812209
8,dis_TRINITY_DN3895_c2_g1,11.851965870689977
1,dis_TRINITY_DN3896_c0_g2,13.773142524493094
1,dis_TRINITY_DN38970_c0_g3,12.157906316467486
7,dis_TRINITY_DN3898_c0_g1,19.07322778136936
1,dis_TRINITY_DN3900_c0_g1,16.46159032414548
7,dis_TRINITY_DN3920_c0_g3,11.92649261099004
1,dis_TRINITY_DN39298_c0_g1,11.606086463575911
8,dis_TRINITY_DN39303_c0_g1,22.30300387840167
8,dis_TRINITY_DN39315_c0_g1,12.413363685963608
1,dis_TRINITY_DN3934_c0_g1,12.303542010331823
1,dis_TRINITY_DN3940_c0_g1,11.78237739168119
6,dis_TRINITY_DN3942_c0_g1,13.677315379854337
1,dis_TRINITY_DN39425_c0_g1,13.42417721873486
7,dis_TRINITY_DN39454_c0_g1,11.421322340254653
7,dis_TRINITY_DN3959_c0_g2,12.477460839449668
1,dis_TRINITY_DN3964_c0_g6,11.686056734416447
8,dis_TRINITY_DN3968_c0_g1,20.13573328687088
8,dis_TRINITY_DN3973_c0_g1,12.033851794001786
1,dis_TRINITY_DN39743_c0_g1,14.489744200640672
1,dis_TRINITY_DN398_c0_g1,12.339291106056296
8,dis_TRINITY_DN39866_c0_g1,17.269278097245408
1,dis_TRINITY_DN3998_c0_g1,12.550106334210877
2,dis_TRINITY_DN40026_c0_g1,11.88038719907731
6,dis_TRINITY_DN40057_c0_g1,13.359442091644397
8,dis_TRINITY_DN4007_c0_g4,13.847922696202488
8,dis_TRINITY_DN40090_c0_g2,12.841772424396876
7,dis_TRINITY_DN401_c0_g1,12.353852961728174
8,dis_TRINITY_DN40134_c0_g2,15.179563564213565
1,dis_TRINITY_DN4015_c1_g1,12.237062842038526
8,dis_TRINITY_DN4018_c0_g1,18.746178037135998
8,dis_TRINITY_DN4022_c0_g5,13.55279070892781
7,dis_TRINITY_DN40329_c0_g1,15.704677806309814
8,dis_TRINITY_DN40526_c0_g1,12.010570469382376
7,dis_TRINITY_DN4055_c0_g4,12.5883509642844
8,dis_TRINITY_DN4058_c0_g3,27.405742026079135
2,dis_TRINITY_DN4062_c0_g1,11.717595785825692
2,dis_TRINITY_DN40675_c0_g1,12.236524138823082
8,dis_TRINITY_DN4069_c0_g1,12.090804357031008
1,dis_TRINITY_DN4071_c0_g2,13.50505175850874
1,dis_TRINITY_DN40757_c0_g1,11.560234642947348
8,dis_TRINITY_DN4076_c0_g1,13.371991549503761
8,dis_TRINITY_DN4077_c0_g1,12.020976915375888
8,dis_TRINITY_DN4084_c0_g1,11.40175425099138
8,dis_TRINITY_DN40885_c0_g1,11.694429443115213
7,dis_TRINITY_DN4090_c0_g1,11.659066772259262
7,dis_TRINITY_DN4097_c0_g3,11.919279592324362
7,dis_TRINITY_DN4098_c0_g3,11.40175425099138
1,dis_TRINITY_DN41000_c0_g1,16.1571236301515
6,dis_TRINITY_DN4103_c0_g1,19.69557729542346
1,dis_TRINITY_DN4105_c0_g1,17.360318977484255
7,dis_TRINITY_DN4106_c0_g1,12.01989600620571
1,dis_TRINITY_DN4108_c0_g1,26.229211577933487
8,dis_TRINITY_DN4109_c0_g3,26.370182669067727
8,dis_TRINITY_DN4123_c0_g5,11.929227384872837
1,dis_TRINITY_DN4130_c0_g4,13.482022214786623
8,dis_TRINITY_DN41319_c0_g1,11.765869156165218
8,dis_TRINITY_DN4134_c0_g1,11.815317727424853
8,dis_TRINITY_DN4137_c0_g1,12.056375533301871
8,dis_TRINITY_DN4139_c0_g7,12.895689240982817
8,dis_TRINITY_DN4145_c0_g2,20.45695827829739
1,dis_TRINITY_DN41462_c0_g1,13.05797361767897
1,dis_TRINITY_DN41482_c0_g1,12.022153758790477
1,dis_TRINITY_DN41690_c0_g1,17.950527011762077
8,dis_TRINITY_DN41828_c0_g1,12.165348207100363
1,dis_TRINITY_DN41849_c0_g1,14.770298845994958
1,dis_TRINITY_DN4187_c0_g1,14.329081861724427
7,dis_TRINITY_DN41891_c0_g1,11.8715117402966
8,dis_TRINITY_DN41909_c0_g1,11.458747357368518
1,dis_TRINITY_DN4200_c0_g2,17.479881492733295
8,dis_TRINITY_DN42058_c0_g1,12.699544361905273
8,dis_TRINITY_DN4207_c0_g1,19.016326984988453
8,dis_TRINITY_DN42109_c0_g1,16.057357067711983
8,dis_TRINITY_DN42145_c0_g1,12.522509772405849
8,dis_TRINITY_DN4217_c0_g1,11.760339748493664
8,dis_TRINITY_DN4217_c0_g2,11.40175425099138
8,dis_TRINITY_DN42179_c0_g1,21.134096408410745
7,dis_TRINITY_DN42198_c0_g2,21.068113109626122
8,dis_TRINITY_DN42352_c0_g1,12.975440609089157
8,dis_TRINITY_DN4239_c0_g4,12.148947855678697
8,dis_TRINITY_DN4239_c0_g6,13.039638952056917
3,dis_TRINITY_DN424_c0_g1,13.728213285056436
8,dis_TRINITY_DN4243_c0_g1,12.011505692460043
1,dis_TRINITY_DN4244_c0_g1,12.759970258586028
6,dis_TRINITY_DN4248_c3_g2,28.98985208654918
1,dis_TRINITY_DN42482_c0_g1,15.225147716853193
2,dis_TRINITY_DN42492_c0_g1,12.018474944850531
8,dis_TRINITY_DN4255_c0_g3,12.813509511449235
4,dis_TRINITY_DN42550_c0_g1,12.86801791263907
1,dis_TRINITY_DN42623_c0_g2,14.807736727805503
1,dis_TRINITY_DN42683_c0_g1,34.67426032376178
1,dis_TRINITY_DN4270_c0_g1,12.110894516921531
7,dis_TRINITY_DN42730_c0_g1,13.130094097149495
1,dis_TRINITY_DN428_c0_g1,17.65777610572747
8,dis_TRINITY_DN4280_c0_g3,12.319627875873525
1,dis_TRINITY_DN4281_c0_g1,11.575476188909033
1,dis_TRINITY_DN42812_c0_g1,15.919464406819722
7,dis_TRINITY_DN4285_c0_g1,11.420379722233408
1,dis_TRINITY_DN42864_c0_g1,16.13733209052847
7,dis_TRINITY_DN42896_c0_g1,13.77328617287828
1,dis_TRINITY_DN4296_c0_g1,12.498939314997893
8,dis_TRINITY_DN4299_c0_g3,14.256247507671855
1,dis_TRINITY_DN430_c0_g1,11.40175425099138
8,dis_TRINITY_DN43151_c0_g1,18.29199762191106
1,dis_TRINITY_DN4318_c0_g1,16.893828370147485
8,dis_TRINITY_DN43191_c0_g1,14.232176607954246
8,dis_TRINITY_DN43201_c0_g1,11.760086861924108
7,dis_TRINITY_DN43249_c0_g1,13.015612624844056
1,dis_TRINITY_DN43286_c0_g1,11.702378177105711
8,dis_TRINITY_DN43290_c0_g1,27.877744725856143
7,dis_TRINITY_DN43309_c0_g1,26.034217291864184
2,dis_TRINITY_DN4341_c0_g1,13.502371421346696
7,dis_TRINITY_DN43413_c0_g1,12.136188446130852
1,dis_TRINITY_DN43435_c0_g1,24.263083769381005
3,dis_TRINITY_DN4344_c1_g1,18.3724597155634
7,dis_TRINITY_DN43488_c0_g1,11.4971021566306
7,dis_TRINITY_DN43563_c0_g1,11.818253593488338
8,dis_TRINITY_DN43594_c0_g1,11.470111028233337
4,dis_TRINITY_DN4365_c0_g1,18.62559526565527
7,dis_TRINITY_DN43690_c0_g1,11.52184837602023
7,dis_TRINITY_DN43700_c0_g1,183.28697900832998
8,dis_TRINITY_DN4377_c0_g2,12.214138405962167
3,dis_TRINITY_DN4385_c0_g1,30.752459673983804
1,dis_TRINITY_DN439_c0_g2,11.40175425099138
8,dis_TRINITY_DN4390_c0_g1,12.049896597066715
8,dis_TRINITY_DN4398_c0_g2,22.345352939705382
1,dis_TRINITY_DN440_c0_g1,11.808233610493993
1,dis_TRINITY_DN4403_c0_g7,12.125542750739037
8,dis_TRINITY_DN4404_c0_g5,15.37147901146796
1,dis_TRINITY_DN4421_c0_g4,21.274896921019383
1,dis_TRINITY_DN4426_c0_g2,29.021130112385354
1,dis_TRINITY_DN44289_c0_g3,12.692782358490199
8,dis_TRINITY_DN443_c0_g1,13.777189481167776
8,dis_TRINITY_DN4432_c0_g1,14.635569035743025
1,dis_TRINITY_DN4458_c0_g1,11.418932831048618
7,dis_TRINITY_DN44601_c0_g1,12.781075306874614
1,dis_TRINITY_DN4462_c0_g3,13.201904900430089
1,dis_TRINITY_DN4469_c0_g1,12.801369497049915
8,dis_TRINITY_DN4478_c0_g1,11.895168977362196
1,dis_TRINITY_DN4479_c0_g1,12.063755136772297
1,dis_TRINITY_DN4483_c0_g2,12.451516293207025
1,dis_TRINITY_DN449_c0_g1,15.610509793084914
8,dis_TRINITY_DN4505_c0_g2,37.74321643686452
1,dis_TRINITY_DN45103_c0_g1,11.420713550387296
1,dis_TRINITY_DN45170_c0_g1,12.044119976154338
7,dis_TRINITY_DN45236_c0_g1,12.732957590442215
1,dis_TRINITY_DN4531_c0_g1,11.56910700961833
1,dis_TRINITY_DN4533_c0_g1,29.730886397818683
1,dis_TRINITY_DN45365_c0_g1,15.395552442182774
5,dis_TRINITY_DN4538_c0_g1,11.40175425099138
1,dis_TRINITY_DN4548_c0_g1,18.050470547883233
8,dis_TRINITY_DN45483_c0_g1,11.40175425099138
8,dis_TRINITY_DN4551_c0_g1,13.16773674554591
1,dis_TRINITY_DN4552_c0_g1,19.91504034643164
1,dis_TRINITY_DN4558_c0_g1,21.098177456832616
8,dis_TRINITY_DN4559_c0_g6,13.32347571018914
6,dis_TRINITY_DN4562_c0_g2,11.987584744226004
1,dis_TRINITY_DN458_c0_g2,11.749536118502721
1,dis_TRINITY_DN4581_c0_g1,13.75602944166666
1,dis_TRINITY_DN4583_c1_g1,16.319705634600155
7,dis_TRINITY_DN4590_c0_g1,16.232958325579474
1,dis_TRINITY_DN45940_c0_g1,32.07971957483419
1,dis_TRINITY_DN4595_c0_g1,13.789318728639207
1,dis_TRINITY_DN46006_c0_g1,16.508583434080588
1,dis_TRINITY_DN4615_c0_g1,49.77414322718172
1,dis_TRINITY_DN46193_c0_g1,12.230453752825364
8,dis_TRINITY_DN4622_c0_g1,19.06826740949476
4,dis_TRINITY_DN46274_c0_g1,16.170048175562126
1,dis_TRINITY_DN4630_c0_g2,12.656750886384705
1,dis_TRINITY_DN46321_c0_g2,13.958080598706973
1,dis_TRINITY_DN4640_c0_g1,15.811681251530464
2,dis_TRINITY_DN4642_c0_g1,11.569583354641601
7,dis_TRINITY_DN46514_c0_g3,18.102727915979955
4,dis_TRINITY_DN4661_c0_g2,37.54224311359139
7,dis_TRINITY_DN46653_c0_g1,17.45749191608004
1,dis_TRINITY_DN4666_c0_g4,11.811262675937742
1,dis_TRINITY_DN46782_c0_g1,14.684532338484601
8,dis_TRINITY_DN46784_c0_g1,17.593459949651745
1,dis_TRINITY_DN46826_c0_g1,12.216010396197278
1,dis_TRINITY_DN46859_c0_g1,15.173146839070661
1,dis_TRINITY_DN4687_c0_g1,13.148999581717234
1,dis_TRINITY_DN46937_c0_g1,13.249145406402633
1,dis_TRINITY_DN46969_c0_g1,13.887485949587852
1,dis_TRINITY_DN4704_c0_g1,21.53333206914341
1,dis_TRINITY_DN47082_c0_g1,34.0595656020449
2,dis_TRINITY_DN4713_c0_g1,19.08756527166312
1,dis_TRINITY_DN472_c0_g1,12.99090701221435
8,dis_TRINITY_DN4721_c0_g5,12.115462888391843
1,dis_TRINITY_DN4727_c0_g2,11.955454989250724
8,dis_TRINITY_DN4734_c0_g1,12.913611888236382
1,dis_TRINITY_DN4736_c0_g1,13.66746955365184
1,dis_TRINITY_DN4738_c1_g1,14.823898137804374
7,dis_TRINITY_DN4740_c0_g4,11.853201339722531
8,dis_TRINITY_DN4741_c0_g3,24.43985656668222
8,dis_TRINITY_DN47520_c0_g3,11.448822253839039
1,dis_TRINITY_DN4756_c0_g3,11.40175425099138
1,dis_TRINITY_DN4781_c0_g1,11.942973666553904
1,dis_TRINITY_DN4786_c0_g2,12.801466634725882
1,dis_TRINITY_DN47863_c0_g1,11.86372496309654
1,dis_TRINITY_DN47880_c0_g1,12.709138444442251
1,dis_TRINITY_DN4793_c0_g1,13.176447358829314
7,dis_TRINITY_DN4798_c0_g3,11.40175425099138
1,dis_TRINITY_DN4800_c0_g1,12.24145248734806
1,dis_TRINITY_DN48215_c0_g1,11.477312882378001
1,dis_TRINITY_DN48292_c0_g1,25.283054661175733
6,dis_TRINITY_DN4830_c0_g1,17.726092970533582
1,dis_TRINITY_DN4844_c0_g1,12.804710851870103
1,dis_TRINITY_DN48446_c0_g4,12.100148304876267
1,dis_TRINITY_DN4847_c0_g2,12.266726539708953
1,dis_TRINITY_DN4853_c0_g2,11.869855432986537
7,dis_TRINITY_DN48719_c0_g1,12.402899580340074
5,dis_TRINITY_DN48780_c0_g1,12.315700264296789
8,dis_TRINITY_DN4885_c0_g1,20.032686964059515
8,dis_TRINITY_DN48864_c0_g3,11.638724715362933
8,dis_TRINITY_DN4887_c0_g1,22.284133705396762
1,dis_TRINITY_DN48888_c0_g1,12.845563163987789
1,dis_TRINITY_DN48988_c0_g1,14.678369800492153
1,dis_TRINITY_DN49_c0_g2,14.9697505657242
2,dis_TRINITY_DN491_c0_g1,11.98478076562104
1,dis_TRINITY_DN4926_c0_g3,11.456285218167363
8,dis_TRINITY_DN49279_c0_g1,16.43898783380534
7,dis_TRINITY_DN4929_c0_g2,43.82771742858622
1,dis_TRINITY_DN4932_c0_g1,11.707607740268719
1,dis_TRINITY_DN4932_c0_g4,12.93314822462033
1,dis_TRINITY_DN49352_c0_g1,15.499441344771109
8,dis_TRINITY_DN49531_c0_g1,12.39021739115178
2,dis_TRINITY_DN49544_c0_g1,15.228827433522254
5,dis_TRINITY_DN49544_c0_g2,12.169908997194678
7,dis_TRINITY_DN4957_c0_g1,13.629876705238386
1,dis_TRINITY_DN4961_c0_g1,18.15900415771746
8,dis_TRINITY_DN49615_c0_g1,11.617613825566764
7,dis_TRINITY_DN49649_c0_g1,13.386743629426837
7,dis_TRINITY_DN49661_c0_g1,17.273487835408343
1,dis_TRINITY_DN4975_c0_g2,11.793215846409325
1,dis_TRINITY_DN49779_c0_g1,23.108384647136198
5,dis_TRINITY_DN4982_c0_g1,15.018040018590975
1,dis_TRINITY_DN4984_c0_g1,25.31088905984932
1,dis_TRINITY_DN49868_c0_g1,15.794492774381835
7,dis_TRINITY_DN4997_c0_g2,11.987674586841269
6,dis_TRINITY_DN5_c0_g1,11.506885373549178
7,dis_TRINITY_DN5002_c0_g1,21.687382829654666
1,dis_TRINITY_DN5004_c0_g1,19.78210400842135
8,dis_TRINITY_DN5006_c0_g1,12.614932698988133
8,dis_TRINITY_DN5007_c0_g1,17.397624176881163
8,dis_TRINITY_DN5008_c0_g3,12.632150766991344
8,dis_TRINITY_DN5008_c0_g5,11.818106574235992
7,dis_TRINITY_DN50205_c0_g2,12.572831821033796
7,dis_TRINITY_DN5026_c0_g2,14.713608598844813
7,dis_TRINITY_DN5027_c0_g1,19.37093580599554
8,dis_TRINITY_DN503_c0_g1,13.046327797506853
1,dis_TRINITY_DN5032_c0_g1,13.668342620815444
3,dis_TRINITY_DN5036_c0_g1,12.152180503926035
1,dis_TRINITY_DN505_c0_g1,11.607709334748177
1,dis_TRINITY_DN5053_c0_g1,11.54641251644856
8,dis_TRINITY_DN50611_c0_g1,12.073255070609582
8,dis_TRINITY_DN50670_c0_g1,14.130491994265451
8,dis_TRINITY_DN5068_c0_g1,62.00655700004637
7,dis_TRINITY_DN50695_c0_g1,12.055052716599791
1,dis_TRINITY_DN507_c0_g1,11.917239739134226
1,dis_TRINITY_DN5071_c0_g4,17.180618644274716
7,dis_TRINITY_DN5073_c0_g2,12.046008924120885
8,dis_TRINITY_DN5076_c0_g1,11.40175425099138
8,dis_TRINITY_DN50837_c0_g1,12.267285641086215
7,dis_TRINITY_DN5088_c1_g3,11.781467056355927
8,dis_TRINITY_DN5089_c0_g1,12.486660962803466
1,dis_TRINITY_DN5092_c0_g1,15.819404097500007
1,dis_TRINITY_DN5096_c0_g1,13.53332944991734
8,dis_TRINITY_DN5100_c0_g3,12.228988020273794
1,dis_TRINITY_DN5102_c0_g1,67.1167549349639
1,dis_TRINITY_DN51063_c0_g1,11.924834925482196
7,dis_TRINITY_DN51066_c0_g1,11.942828391968126
2,dis_TRINITY_DN51110_c0_g1,11.718533013991129
6,dis_TRINITY_DN51126_c0_g2,11.926148162755652
1,dis_TRINITY_DN51143_c0_g1,33.9387272743101
1,dis_TRINITY_DN5119_c0_g1,11.821001142035305
1,dis_TRINITY_DN5121_c0_g1,16.01458937968751
8,dis_TRINITY_DN51230_c0_g1,13.355659175046359
1,dis_TRINITY_DN5130_c0_g1,14.129545958734838
1,dis_TRINITY_DN5132_c0_g2,26.845139336572647
8,dis_TRINITY_DN5136_c0_g2,21.26155558749171
1,dis_TRINITY_DN514_c0_g2,12.098872178843779
8,dis_TRINITY_DN5143_c0_g4,12.004072600580187
8,dis_TRINITY_DN5144_c0_g1,12.569438611171146
1,dis_TRINITY_DN5146_c0_g2,11.461201245942766
1,dis_TRINITY_DN51479_c0_g1,11.78597238245534
1,dis_TRINITY_DN5152_c0_g3,12.278173846301412
1,dis_TRINITY_DN51588_c0_g1,11.949118084611934
8,dis_TRINITY_DN51614_c0_g1,13.88504555268005
1,dis_TRINITY_DN51664_c0_g1,11.79707289966456
6,dis_TRINITY_DN51687_c0_g1,15.302784942617471
8,dis_TRINITY_DN51698_c0_g1,12.429634226315754
6,dis_TRINITY_DN51699_c0_g1,13.408983704964369
8,dis_TRINITY_DN5179_c0_g1,11.731208335035229
1,dis_TRINITY_DN51846_c0_g1,11.842807648526595
1,dis_TRINITY_DN5201_c0_g1,23.50981065427793
8,dis_TRINITY_DN5203_c0_g3,11.43329768701926
8,dis_TRINITY_DN5226_c0_g1,12.789536191746752
1,dis_TRINITY_DN523_c0_g1,37.65648795360502
1,dis_TRINITY_DN52441_c0_g3,14.363735412489328
7,dis_TRINITY_DN5247_c0_g2,11.981690698728624
1,dis_TRINITY_DN5255_c0_g1,11.546856368726512
1,dis_TRINITY_DN5268_c0_g1,12.207175226070936
8,dis_TRINITY_DN5268_c0_g3,15.639218362821078
7,dis_TRINITY_DN5270_c0_g1,12.530723362998641
4,dis_TRINITY_DN5271_c0_g3,11.632771165977605
1,dis_TRINITY_DN5272_c0_g1,13.845222388968693
8,dis_TRINITY_DN5275_c0_g4,35.93957752951473
8,dis_TRINITY_DN5285_c0_g1,12.489429210336235
7,dis_TRINITY_DN52935_c0_g3,13.581849137727897
8,dis_TRINITY_DN5304_c0_g2,11.993669788684363
1,dis_TRINITY_DN5308_c0_g1,11.466594481361936
2,dis_TRINITY_DN5315_c0_g3,14.021025996695107
8,dis_TRINITY_DN5324_c0_g2,11.665856290902953
7,dis_TRINITY_DN5325_c0_g1,12.25919630318399
8,dis_TRINITY_DN5333_c0_g1,11.497975908828476
7,dis_TRINITY_DN53396_c0_g2,13.876520241040259
2,dis_TRINITY_DN5348_c0_g1,19.112773765207393
1,dis_TRINITY_DN5351_c0_g1,13.352413676934967
7,dis_TRINITY_DN5352_c0_g1,13.249019095767052
1,dis_TRINITY_DN5359_c0_g1,12.449218449364603
1,dis_TRINITY_DN539_c0_g2,11.79530376887344
2,dis_TRINITY_DN5410_c0_g5,26.402836836218945
8,dis_TRINITY_DN5416_c0_g2,11.539985875207995
5,dis_TRINITY_DN54239_c0_g1,11.426455662190266
8,dis_TRINITY_DN5436_c0_g1,11.40175425099138
1,dis_TRINITY_DN544_c0_g1,11.57366476099943
8,dis_TRINITY_DN5448_c0_g3,20.308079599016743
8,dis_TRINITY_DN54520_c0_g1,20.022041754026986
8,dis_TRINITY_DN54668_c0_g1,12.617763629106387
7,dis_TRINITY_DN5467_c0_g1,11.463533748369217
1,dis_TRINITY_DN5468_c0_g1,31.860143753599104
1,dis_TRINITY_DN5471_c1_g1,13.43108740943934
1,dis_TRINITY_DN5476_c0_g1,12.171121435594996
8,dis_TRINITY_DN5476_c0_g2,12.532086617957921
1,dis_TRINITY_DN5480_c0_g1,14.151726502444852
1,dis_TRINITY_DN5491_c1_g8,12.234298181751171
7,dis_TRINITY_DN5499_c0_g1,14.394666547023588
1,dis_TRINITY_DN55_c0_g1,18.004459003258052
4,dis_TRINITY_DN5500_c0_g1,11.52329236806912
1,dis_TRINITY_DN5514_c0_g3,24.831602666763175
2,dis_TRINITY_DN5516_c0_g1,11.857929625360406
2,dis_TRINITY_DN5518_c0_g3,25.503148884010383
8,dis_TRINITY_DN55264_c0_g1,12.044090044499002
7,dis_TRINITY_DN5527_c0_g2,12.783186378990177
7,dis_TRINITY_DN5529_c0_g1,11.909037660533281
5,dis_TRINITY_DN55356_c0_g1,13.028654074769197
7,dis_TRINITY_DN5537_c0_g1,11.40175425099138
1,dis_TRINITY_DN5545_c0_g2,13.923590700677753
1,dis_TRINITY_DN555_c0_g1,20.351438671504283
8,dis_TRINITY_DN55617_c0_g1,11.682367183066965
1,dis_TRINITY_DN5562_c0_g1,13.560724870006029
1,dis_TRINITY_DN55637_c0_g1,12.189198332950367
1,dis_TRINITY_DN5566_c2_g2,13.315476296400366
1,dis_TRINITY_DN5568_c0_g4,11.501521638461583
1,dis_TRINITY_DN5568_c0_g5,12.81852842568132
2,dis_TRINITY_DN5568_c0_g8,12.75846918717132
1,dis_TRINITY_DN55681_c0_g2,13.306854286419462
1,dis_TRINITY_DN5580_c0_g2,21.987394365863363
8,dis_TRINITY_DN559_c0_g1,11.761609626237389
8,dis_TRINITY_DN559_c0_g3,11.680753400359071
6,dis_TRINITY_DN5601_c0_g2,26.13739351963007
1,dis_TRINITY_DN5602_c0_g6,12.77274371464487
1,dis_TRINITY_DN5608_c0_g1,12.020236478539013
3,dis_TRINITY_DN5612_c0_g3,11.40175425099138
7,dis_TRINITY_DN563_c0_g2,11.56250509189077
8,dis_TRINITY_DN5631_c0_g3,11.80592783308453
8,dis_TRINITY_DN56350_c0_g1,13.14936971873557
2,dis_TRINITY_DN5641_c0_g2,12.402405613428387
7,dis_TRINITY_DN5643_c0_g2,13.177134817554233
8,dis_TRINITY_DN56667_c0_g1,12.684283621868442
1,dis_TRINITY_DN56793_c0_g1,12.43567722321547
1,dis_TRINITY_DN5687_c6_g1,12.217820100165168
4,dis_TRINITY_DN569_c0_g3,15.585297013531695
8,dis_TRINITY_DN570_c0_g1,11.714394222493967
1,dis_TRINITY_DN5701_c0_g1,15.025422489900242
1,dis_TRINITY_DN5702_c0_g2,21.603824939116684
8,dis_TRINITY_DN5754_c0_g1,11.58853567108459
1,dis_TRINITY_DN5761_c0_g2,12.843771720176282
8,dis_TRINITY_DN5764_c0_g3,11.613546357594652
1,dis_TRINITY_DN5781_c0_g2,19.414790779197183
1,dis_TRINITY_DN5794_c0_g1,29.5009459509352
1,dis_TRINITY_DN5799_c0_g1,19.644141238547437
8,dis_TRINITY_DN5805_c0_g6,11.463310603835176
1,dis_TRINITY_DN5809_c0_g1,11.512193926441649
1,dis_TRINITY_DN58160_c0_g1,40.38390633655937
1,dis_TRINITY_DN58221_c0_g1,12.223041438201868
8,dis_TRINITY_DN58281_c0_g4,12.296988574443745
8,dis_TRINITY_DN5842_c0_g1,12.893754961220568
2,dis_TRINITY_DN5861_c0_g8,24.105381805729607
2,dis_TRINITY_DN58757_c0_g1,14.848613302258228
8,dis_TRINITY_DN5877_c0_g1,17.96979462876524
1,dis_TRINITY_DN5878_c0_g1,12.928644399162659
1,dis_TRINITY_DN588_c0_g1,11.40175425099138
1,dis_TRINITY_DN5890_c0_g2,15.100791800432189
1,dis_TRINITY_DN59073_c0_g1,16.044095923423047
1,dis_TRINITY_DN591_c0_g1,12.357785359845023
1,dis_TRINITY_DN5911_c0_g1,14.561721395494422
1,dis_TRINITY_DN5911_c0_g3,13.521290323042399
7,dis_TRINITY_DN5912_c0_g1,13.327378399370222
7,dis_TRINITY_DN5917_c0_g1,11.498235951657977
8,dis_TRINITY_DN5924_c0_g2,11.466015873004885
8,dis_TRINITY_DN5925_c0_g1,19.609095925105777
1,dis_TRINITY_DN5942_c0_g1,13.318928034943353
8,dis_TRINITY_DN5945_c0_g1,12.301835879249895
8,dis_TRINITY_DN5945_c0_g3,12.794625160589895
8,dis_TRINITY_DN5953_c0_g1,12.006103073020821
1,dis_TRINITY_DN5955_c0_g1,11.727006054402803
1,dis_TRINITY_DN5970_c0_g1,12.654423021220683
8,dis_TRINITY_DN5972_c0_g1,19.032762174734387
2,dis_TRINITY_DN5979_c0_g1,11.435073458443545
1,dis_TRINITY_DN598_c0_g1,11.438896362848997
1,dis_TRINITY_DN598_c0_g3,11.564747424825152
8,dis_TRINITY_DN598_c0_g4,12.537292131876006
8,dis_TRINITY_DN5985_c0_g2,21.607798476476034
8,dis_TRINITY_DN59918_c0_g1,11.483473734023168
2,dis_TRINITY_DN6001_c0_g2,20.142208369491165
1,dis_TRINITY_DN6004_c0_g3,12.44733312802385
8,dis_TRINITY_DN6009_c0_g2,23.29741833336904
4,dis_TRINITY_DN602_c0_g2,15.97663863270369
8,dis_TRINITY_DN6026_c0_g1,12.12107099228447
1,dis_TRINITY_DN6028_c0_g1,16.00167709960428
8,dis_TRINITY_DN603_c0_g1,12.514523203062913
1,dis_TRINITY_DN6046_c0_g1,11.498395322826573
2,dis_TRINITY_DN6079_c0_g2,14.274027112206282
2,dis_TRINITY_DN608_c0_g2,17.863912477394194
8,dis_TRINITY_DN60927_c0_g1,11.421200987636983
1,dis_TRINITY_DN6094_c0_g1,11.554611460365079
7,dis_TRINITY_DN6094_c0_g2,15.935324722138548
8,dis_TRINITY_DN61_c0_g1,12.039303634346963
1,dis_TRINITY_DN610_c0_g1,13.638490275686676
1,dis_TRINITY_DN6102_c0_g1,12.378920187156874
8,dis_TRINITY_DN6110_c0_g3,47.257438895902936
2,dis_TRINITY_DN6111_c0_g1,13.519834651355763
7,dis_TRINITY_DN6112_c0_g1,19.975804164038053
8,dis_TRINITY_DN6119_c0_g1,13.068119183723416
1,dis_TRINITY_DN6149_c0_g1,12.534784361926615
1,dis_TRINITY_DN6150_c0_g1,13.264182937520124
1,dis_TRINITY_DN6154_c0_g1,12.488592434698155
8,dis_TRINITY_DN6159_c0_g1,11.40175425099138
1,dis_TRINITY_DN6160_c0_g1,12.264133030915803
8,dis_TRINITY_DN6160_c0_g3,17.275724644714618
8,dis_TRINITY_DN6172_c1_g1,15.53582791485539
8,dis_TRINITY_DN6180_c0_g2,11.805101100795367
8,dis_TRINITY_DN6190_c0_g1,19.333622604157764
1,dis_TRINITY_DN6209_c0_g1,11.832173807039855
8,dis_TRINITY_DN621_c0_g2,12.481864844645612
8,dis_TRINITY_DN621_c0_g4,13.06713434537198
8,dis_TRINITY_DN6227_c0_g2,11.568332593766485
1,dis_TRINITY_DN6233_c0_g1,11.40175425099138
1,dis_TRINITY_DN6243_c0_g1,13.121197125262618
1,dis_TRINITY_DN6243_c0_g2,11.592758817468773
1,dis_TRINITY_DN6274_c0_g1,15.240166173634721
1,dis_TRINITY_DN629_c0_g1,13.094861244014767
8,dis_TRINITY_DN63_c0_g1,11.730389038731836
7,dis_TRINITY_DN6307_c0_g1,12.653854037406944
1,dis_TRINITY_DN6307_c0_g6,12.24811601839238
2,dis_TRINITY_DN6389_c0_g1,13.84033070414143
1,dis_TRINITY_DN64_c0_g1,12.490924385328734
1,dis_TRINITY_DN6413_c0_g1,17.928843046889554
7,dis_TRINITY_DN6420_c0_g2,11.40175425099138
7,dis_TRINITY_DN6420_c0_g5,25.438135564541675
1,dis_TRINITY_DN6436_c0_g2,12.268322338445465
8,dis_TRINITY_DN6440_c0_g3,11.40175425099138
8,dis_TRINITY_DN6443_c0_g1,25.986955150613547
8,dis_TRINITY_DN6444_c0_g3,11.502538632841013
8,dis_TRINITY_DN6446_c0_g5,11.45689032853156
1,dis_TRINITY_DN6450_c0_g1,25.157037345442728
1,dis_TRINITY_DN6453_c0_g1,31.991103653984805
7,dis_TRINITY_DN6456_c0_g2,13.4803307081095
5,dis_TRINITY_DN6458_c1_g1,15.7958551841931
1,dis_TRINITY_DN6460_c0_g1,11.93114889690008
7,dis_TRINITY_DN6466_c0_g1,60.43778592900306
3,dis_TRINITY_DN6467_c0_g1,27.895554054365007
1,dis_TRINITY_DN6472_c0_g2,12.992901331111538
1,dis_TRINITY_DN6472_c0_g6,11.946205422643628
8,dis_TRINITY_DN648_c0_g1,13.061547037009055
8,dis_TRINITY_DN648_c0_g2,11.663259192867146
8,dis_TRINITY_DN6480_c0_g1,12.732039742319374
1,dis_TRINITY_DN6488_c0_g1,16.52898717405274
1,dis_TRINITY_DN6489_c0_g4,14.203178587907708
1,dis_TRINITY_DN649_c0_g1,13.582409948164575
1,dis_TRINITY_DN649_c0_g2,11.634614819580406
1,dis_TRINITY_DN649_c0_g5,11.532297516106667
8,dis_TRINITY_DN6515_c0_g2,41.551055798860276
8,dis_TRINITY_DN6527_c0_g4,13.219900037443551
8,dis_TRINITY_DN6547_c0_g1,11.94789550506699
8,dis_TRINITY_DN6547_c0_g2,12.801971957475926
1,dis_TRINITY_DN6561_c0_g1,12.166778784871532
1,dis_TRINITY_DN6571_c0_g2,22.86500553247254
1,dis_TRINITY_DN6579_c0_g1,23.86320022545174
1,dis_TRINITY_DN6579_c0_g2,11.48650947851435
7,dis_TRINITY_DN658_c0_g1,27.1947695522503
7,dis_TRINITY_DN6587_c0_g1,21.652344168703767
8,dis_TRINITY_DN659_c0_g1,11.956034208716535
8,dis_TRINITY_DN6618_c0_g1,11.720081399034736
8,dis_TRINITY_DN6619_c0_g1,14.785744080025191
7,dis_TRINITY_DN6629_c0_g2,11.895957506649054
1,dis_TRINITY_DN6633_c0_g2,17.00418075062718
1,dis_TRINITY_DN6633_c0_g3,26.915187571332286
7,dis_TRINITY_DN664_c0_g3,11.40175425099138
2,dis_TRINITY_DN6641_c0_g1,13.839991437858624
8,dis_TRINITY_DN6644_c0_g1,12.852585809867211
8,dis_TRINITY_DN6648_c0_g1,25.671627568192868
1,dis_TRINITY_DN6653_c0_g1,16.538402401683182
8,dis_TRINITY_DN6660_c0_g1,17.450149884743112
1,dis_TRINITY_DN6666_c0_g1,11.756228391793007
1,dis_TRINITY_DN6668_c0_g1,11.573780713319222
1,dis_TRINITY_DN6712_c0_g3,11.80680557983403
8,dis_TRINITY_DN6715_c0_g1,12.388408816308896
1,dis_TRINITY_DN6724_c0_g2,13.287703112276402
2,dis_TRINITY_DN6729_c0_g1,11.769230433634988
8,dis_TRINITY_DN6731_c0_g1,12.145524525519678
6,dis_TRINITY_DN6733_c0_g2,33.6295082479658
1,dis_TRINITY_DN6734_c0_g1,11.596618429525048
1,dis_TRINITY_DN676_c0_g1,12.09113344562866
1,dis_TRINITY_DN677_c0_g1,15.655495840119533
2,dis_TRINITY_DN6770_c0_g1,11.859288764508603
8,dis_TRINITY_DN6790_c0_g1,12.30873758758387
7,dis_TRINITY_DN6825_c0_g1,31.62532695483163
1,dis_TRINITY_DN6827_c0_g1,13.126229770958606
8,dis_TRINITY_DN683_c0_g3,11.858529251133971
7,dis_TRINITY_DN684_c0_g1,11.448620964989626
1,dis_TRINITY_DN6840_c0_g1,12.32063143674057
2,dis_TRINITY_DN6840_c0_g2,12.794878272183757
2,dis_TRINITY_DN686_c0_g3,11.822601405782063
2,dis_TRINITY_DN6872_c0_g1,18.54029169134078
1,dis_TRINITY_DN689_c0_g2,13.031902777415123
1,dis_TRINITY_DN6893_c0_g1,18.42574353994975
1,dis_TRINITY_DN6897_c0_g5,11.54599662220633
1,dis_TRINITY_DN6913_c0_g1,21.421705674385503
7,dis_TRINITY_DN6917_c0_g1,14.398196275922897
1,dis_TRINITY_DN6918_c0_g1,12.144307308364688
7,dis_TRINITY_DN6924_c0_g1,11.63853229578369
3,dis_TRINITY_DN694_c0_g3,15.424260500912192
8,dis_TRINITY_DN6940_c0_g2,12.872659321212536
7,dis_TRINITY_DN6945_c1_g1,12.887434500318518
1,dis_TRINITY_DN6947_c1_g2,11.83572908611886
8,dis_TRINITY_DN6953_c0_g1,11.598237840292809
8,dis_TRINITY_DN6956_c0_g2,11.605683952270974
8,dis_TRINITY_DN6961_c0_g1,11.896419713510447
1,dis_TRINITY_DN6980_c0_g4,11.852284463342922
1,dis_TRINITY_DN6981_c0_g1,13.492260114599036
7,dis_TRINITY_DN6996_c0_g1,11.425468961928871
8,dis_TRINITY_DN7001_c0_g1,21.411322285183605
7,dis_TRINITY_DN7020_c0_g1,12.802336232110138
7,dis_TRINITY_DN7030_c0_g1,16.3243740461924
8,dis_TRINITY_DN7042_c0_g1,16.01595822921626
8,dis_TRINITY_DN705_c0_g1,16.067539263994348
1,dis_TRINITY_DN7058_c0_g2,12.108525963138536
1,dis_TRINITY_DN7065_c0_g3,11.827367500843119
7,dis_TRINITY_DN7080_c0_g2,11.517537193341292
1,dis_TRINITY_DN7081_c0_g3,11.77608903668786
5,dis_TRINITY_DN7085_c0_g1,11.446403539977087
8,dis_TRINITY_DN7087_c0_g3,14.32644488350128
1,dis_TRINITY_DN7095_c0_g1,12.651812636930726
8,dis_TRINITY_DN7097_c0_g2,47.74683813615306
8,dis_TRINITY_DN7125_c0_g1,13.593175714306058
8,dis_TRINITY_DN7134_c0_g1,14.322038088205185
1,dis_TRINITY_DN7139_c0_g1,11.75095072749435
1,dis_TRINITY_DN7158_c0_g1,12.028642151132438
1,dis_TRINITY_DN7174_c0_g1,16.32873485607504
1,dis_TRINITY_DN7193_c0_g1,12.013689816205511
7,dis_TRINITY_DN7195_c0_g1,13.037233947429186
8,dis_TRINITY_DN72_c0_g2,25.142521830556298
1,dis_TRINITY_DN720_c0_g1,21.883723449175644
8,dis_TRINITY_DN7202_c0_g1,18.791687284541535
8,dis_TRINITY_DN7202_c0_g3,11.450001397379827
7,dis_TRINITY_DN7203_c0_g2,17.986572408327273
8,dis_TRINITY_DN7204_c0_g1,22.868532134791685
8,dis_TRINITY_DN7205_c0_g1,14.18331590284867
4,dis_TRINITY_DN7207_c0_g1,11.879728700605918
1,dis_TRINITY_DN7218_c0_g1,14.159041492982496
8,dis_TRINITY_DN725_c0_g1,11.60404843147425
1,dis_TRINITY_DN7250_c1_g1,15.212277672985067
1,dis_TRINITY_DN726_c0_g2,15.80810886855224
8,dis_TRINITY_DN7267_c0_g1,65.69898370599046
7,dis_TRINITY_DN7284_c0_g3,12.818035223855487
1,dis_TRINITY_DN7295_c0_g1,11.704366322018462
8,dis_TRINITY_DN7301_c0_g2,18.15431428063313
1,dis_TRINITY_DN732_c0_g1,12.577210700310303
1,dis_TRINITY_DN7327_c0_g1,12.050636290254552
8,dis_TRINITY_DN7332_c0_g2,14.052182143709922
2,dis_TRINITY_DN7358_c0_g1,11.917089535620683
8,dis_TRINITY_DN7370_c0_g2,11.40175425099138
8,dis_TRINITY_DN7416_c0_g1,12.388109419923607
8,dis_TRINITY_DN7416_c0_g2,12.406319720207117
7,dis_TRINITY_DN7427_c0_g1,12.948193464727039
8,dis_TRINITY_DN7429_c0_g4,11.873008043457228
1,dis_TRINITY_DN743_c0_g1,12.44877672705234
8,dis_TRINITY_DN7430_c0_g1,12.034399403376971
7,dis_TRINITY_DN7433_c0_g1,11.722445478653334
1,dis_TRINITY_DN744_c0_g4,12.462689878192428
1,dis_TRINITY_DN7443_c0_g1,21.569153066358446
7,dis_TRINITY_DN7447_c1_g5,11.643222620906979
1,dis_TRINITY_DN7468_c0_g1,13.99181750166861
1,dis_TRINITY_DN7469_c0_g3,11.74999961702127
8,dis_TRINITY_DN7471_c0_g1,13.718022124198518
8,dis_TRINITY_DN7473_c0_g3,14.83487606958683
1,dis_TRINITY_DN7480_c0_g1,11.576905242766738
6,dis_TRINITY_DN7507_c2_g2,19.89107533543624
1,dis_TRINITY_DN7519_c0_g6,11.654582360599628
1,dis_TRINITY_DN7527_c0_g3,12.092402325427317
8,dis_TRINITY_DN7529_c0_g1,11.987644764506497
8,dis_TRINITY_DN7529_c0_g5,11.42355343139778
6,dis_TRINITY_DN7550_c0_g1,11.677171660980239
8,dis_TRINITY_DN7578_c0_g1,12.025639691924916
1,dis_TRINITY_DN7609_c0_g1,12.171799209648507
7,dis_TRINITY_DN762_c0_g1,50.01174737999063
1,dis_TRINITY_DN7657_c0_g1,22.00398984275352
1,dis_TRINITY_DN7667_c0_g2,11.516019277510784
4,dis_TRINITY_DN7668_c0_g1,33.70157349442307
1,dis_TRINITY_DN767_c0_g1,13.199147093657226
7,dis_TRINITY_DN7694_c0_g2,14.913722171208635
1,dis_TRINITY_DN7697_c0_g5,12.596039814163815
7,dis_TRINITY_DN77_c0_g1,11.462970382933038
5,dis_TRINITY_DN7701_c0_g1,13.568927260472732
1,dis_TRINITY_DN7714_c0_g1,19.45470822191893
1,dis_TRINITY_DN7727_c0_g1,13.582851063013244
7,dis_TRINITY_DN7746_c0_g2,11.465338416287588
8,dis_TRINITY_DN7749_c0_g1,12.132675302669234
8,dis_TRINITY_DN775_c0_g3,39.806186453866694
7,dis_TRINITY_DN7757_c0_g1,20.2123398447582
1,dis_TRINITY_DN7777_c0_g1,12.150894823016122
7,dis_TRINITY_DN7779_c0_g1,13.267677603861198
8,dis_TRINITY_DN7788_c0_g1,12.197568446210909
7,dis_TRINITY_DN7791_c0_g5,16.359735725249354
8,dis_TRINITY_DN7809_c0_g1,12.360084829805983
1,dis_TRINITY_DN7820_c0_g1,12.224826624537462
1,dis_TRINITY_DN7823_c0_g3,13.805661664693945
8,dis_TRINITY_DN7823_c0_g4,11.449915982224498
1,dis_TRINITY_DN7824_c0_g1,11.904814278265746
8,dis_TRINITY_DN7824_c0_g4,25.572276003515995
7,dis_TRINITY_DN7833_c0_g2,11.4606139015325
6,dis_TRINITY_DN7880_c0_g1,16.81136811803251
1,dis_TRINITY_DN7883_c0_g2,11.504986136454056
7,dis_TRINITY_DN7885_c0_g4,11.509224517750969
1,dis_TRINITY_DN7888_c0_g2,16.122314008851212
7,dis_TRINITY_DN7893_c0_g1,27.963903375601912
8,dis_TRINITY_DN7893_c0_g5,14.031974344332303
8,dis_TRINITY_DN79_c0_g1,12.078002276866817
1,dis_TRINITY_DN7901_c0_g3,21.492300109574128
8,dis_TRINITY_DN7901_c0_g5,21.50021046408616
1,dis_TRINITY_DN7909_c0_g5,13.116737399216316
8,dis_TRINITY_DN7912_c0_g4,12.516890708159115
1,dis_TRINITY_DN7917_c1_g1,17.58065121091935
1,dis_TRINITY_DN7940_c0_g1,11.90047129318835
1,dis_TRINITY_DN79584_c0_g1,34.528906484277776
7,dis_TRINITY_DN796_c14_g1,11.922860730546171
5,dis_TRINITY_DN797_c0_g1,11.555281909153061
8,dis_TRINITY_DN7983_c0_g1,12.254009629504948
4,dis_TRINITY_DN79967_c0_g1,14.66198908743285
1,dis_TRINITY_DN8000_c0_g1,25.6016956860283
1,dis_TRINITY_DN801_c0_g2,12.8264419072477
7,dis_TRINITY_DN801_c0_g3,18.331220744947675
1,dis_TRINITY_DN8013_c0_g2,17.87841486262135
1,dis_TRINITY_DN8036_c0_g1,11.817474730245882
1,dis_TRINITY_DN8041_c0_g2,11.86964249672247
7,dis_TRINITY_DN8042_c0_g1,11.469864515328855
8,dis_TRINITY_DN8053_c0_g1,11.675082697779917
1,dis_TRINITY_DN8066_c0_g1,11.880505923570764
1,dis_TRINITY_DN8069_c0_g1,13.209352292977881
1,dis_TRINITY_DN8072_c0_g2,16.358131586461823
7,dis_TRINITY_DN8081_c0_g1,11.511133393371827
5,dis_TRINITY_DN8085_c0_g3,26.543321193852137
4,dis_TRINITY_DN81_c0_g3,11.72656744320349
1,dis_TRINITY_DN8105_c0_g3,12.83827799979421
8,dis_TRINITY_DN8109_c0_g1,11.933286093947467
1,dis_TRINITY_DN8111_c0_g1,11.77003619365718
1,dis_TRINITY_DN8115_c0_g1,13.728010125287641
1,dis_TRINITY_DN8116_c0_g2,12.560709573905449
8,dis_TRINITY_DN8117_c0_g2,11.864647234536728
8,dis_TRINITY_DN8122_c0_g2,18.91382021168648
2,dis_TRINITY_DN8125_c0_g3,12.311189300794624
8,dis_TRINITY_DN8148_c0_g1,11.857975839071354
8,dis_TRINITY_DN8156_c0_g5,13.78687738394739
1,dis_TRINITY_DN8159_c0_g3,12.658090693307582
1,dis_TRINITY_DN8169_c0_g1,20.709498786788636
7,dis_TRINITY_DN8171_c0_g1,20.48585485157991
8,dis_TRINITY_DN8171_c0_g3,11.480264064907217
8,dis_TRINITY_DN8176_c0_g1,13.466106824171565
8,dis_TRINITY_DN8197_c0_g1,12.369763700249088
7,dis_TRINITY_DN8250_c0_g1,11.40175425099138
1,dis_TRINITY_DN8272_c0_g2,48.099316689533126
1,dis_TRINITY_DN8278_c0_g1,13.513625716290946
1,dis_TRINITY_DN8289_c0_g2,21.314573136706258
1,dis_TRINITY_DN83_c0_g3,68.88509304631881
1,dis_TRINITY_DN8303_c0_g1,11.713558639457098
1,dis_TRINITY_DN8305_c0_g1,17.577457694444895
1,dis_TRINITY_DN832_c0_g1,11.420775367723508
7,dis_TRINITY_DN8344_c0_g2,14.95658069212345
2,dis_TRINITY_DN836_c0_g2,15.100827891211793
8,dis_TRINITY_DN8368_c0_g1,11.708058464151945
1,dis_TRINITY_DN8369_c0_g1,13.390966096589148
8,dis_TRINITY_DN8371_c0_g2,12.515732779186363
8,dis_TRINITY_DN8371_c0_g4,11.604890865492877
7,dis_TRINITY_DN8395_c0_g1,20.0500518453195
8,dis_TRINITY_DN8399_c0_g1,12.985453284348607
7,dis_TRINITY_DN8403_c0_g1,11.45976269387809
8,dis_TRINITY_DN8403_c0_g4,11.588889247896022
1,dis_TRINITY_DN8405_c0_g2,12.803476637226312
1,dis_TRINITY_DN843_c0_g1,23.00247549721551
5,dis_TRINITY_DN8433_c0_g1,23.891923740042365
1,dis_TRINITY_DN8433_c0_g4,12.180199259453845
1,dis_TRINITY_DN8437_c0_g3,16.571327013851366
1,dis_TRINITY_DN8467_c0_g1,27.053703406373035
1,dis_TRINITY_DN8469_c0_g1,11.545015287993342
1,dis_TRINITY_DN8475_c0_g2,34.873033134500936
1,dis_TRINITY_DN8479_c0_g1,11.55326334850894
1,dis_TRINITY_DN8488_c0_g2,12.589048971228923
1,dis_TRINITY_DN8489_c0_g1,11.97252220712077
8,dis_TRINITY_DN852_c0_g1,11.914797606338094
6,dis_TRINITY_DN8526_c0_g1,12.669569882202
7,dis_TRINITY_DN8542_c1_g2,12.079914113933096
1,dis_TRINITY_DN8554_c0_g2,22.331922017596245
8,dis_TRINITY_DN8563_c0_g4,11.833495045843389
8,dis_TRINITY_DN8567_c0_g1,11.994513995990001
8,dis_TRINITY_DN8589_c0_g4,12.836990184618823
2,dis_TRINITY_DN8592_c0_g6,11.771494467568678
6,dis_TRINITY_DN8603_c0_g1,22.122327160585975
8,dis_TRINITY_DN8608_c0_g1,18.775618791400724
8,dis_TRINITY_DN8627_c0_g1,11.555520022915456
1,dis_TRINITY_DN8632_c0_g1,11.588747084995859
1,dis_TRINITY_DN8637_c0_g1,12.376659929076181
1,dis_TRINITY_DN8662_c0_g1,11.716459021393792
8,dis_TRINITY_DN8687_c0_g1,11.735643655121777
1,dis_TRINITY_DN8711_c0_g1,12.964622593812749
8,dis_TRINITY_DN8735_c0_g4,12.024873471267796
7,dis_TRINITY_DN8737_c0_g1,13.033028312713817
8,dis_TRINITY_DN8750_c0_g2,12.175008829565586
7,dis_TRINITY_DN8750_c0_g3,11.767078779374259
1,dis_TRINITY_DN8766_c0_g1,12.652176611160627
1,dis_TRINITY_DN8768_c0_g1,13.50568002730703
1,dis_TRINITY_DN8776_c0_g1,17.594211121843458
1,dis_TRINITY_DN8778_c0_g1,13.549748374047395
7,dis_TRINITY_DN879_c0_g1,12.381574617147853
4,dis_TRINITY_DN8792_c0_g1,90.35190081564416
1,dis_TRINITY_DN8797_c0_g1,13.561975519812739
8,dis_TRINITY_DN8816_c0_g3,12.790056567505868
2,dis_TRINITY_DN8821_c0_g1,11.48537761677865
2,dis_TRINITY_DN8846_c0_g1,11.696203016363901
2,dis_TRINITY_DN8856_c0_g1,11.898955290276538
1,dis_TRINITY_DN887_c0_g4,17.06701901328993
1,dis_TRINITY_DN8879_c0_g1,15.391442524987708
1,dis_TRINITY_DN8884_c0_g6,12.056688848933607
1,dis_TRINITY_DN8891_c0_g1,12.041748336516587
1,dis_TRINITY_DN8902_c0_g1,14.533638085489814
1,dis_TRINITY_DN8917_c0_g1,15.748407602040277
3,dis_TRINITY_DN892_c0_g2,12.064417060098677
1,dis_TRINITY_DN8929_c0_g1,12.15933612496998
1,dis_TRINITY_DN893_c0_g1,13.81087365085931
1,dis_TRINITY_DN8936_c0_g1,28.382969347832514
2,dis_TRINITY_DN895_c0_g1,12.732988926406872
2,dis_TRINITY_DN89532_c0_g1,12.638633945169866
8,dis_TRINITY_DN8960_c0_g1,13.14057529182037
2,dis_TRINITY_DN8988_c0_g2,14.408074611133856
8,dis_TRINITY_DN8988_c0_g3,12.21646565091557
8,dis_TRINITY_DN9015_c0_g2,11.849327997823337
1,dis_TRINITY_DN90181_c0_g1,12.450572798068368
1,dis_TRINITY_DN9026_c0_g1,18.314327396877015
8,dis_TRINITY_DN9028_c0_g1,11.40175425099138
1,dis_TRINITY_DN9035_c0_g2,29.765956141202654
7,dis_TRINITY_DN9039_c0_g2,22.81172694032611
1,dis_TRINITY_DN9048_c0_g1,13.352786937564757
8,dis_TRINITY_DN9057_c0_g2,11.622280757235217
8,dis_TRINITY_DN9060_c0_g2,15.405045342354564
1,dis_TRINITY_DN907_c1_g2,11.785604821136674
1,dis_TRINITY_DN9096_c0_g2,11.5794950235319
1,dis_TRINITY_DN9096_c0_g4,24.578309950035212
1,dis_TRINITY_DN9101_c0_g2,11.40175425099138
8,dis_TRINITY_DN9111_c0_g1,17.532958934532413
8,dis_TRINITY_DN9116_c0_g1,13.614181907114359
8,dis_TRINITY_DN9124_c0_g1,11.912306325812814
1,dis_TRINITY_DN9126_c0_g1,24.946021586617775
8,dis_TRINITY_DN9126_c0_g2,12.339917098587007
1,dis_TRINITY_DN9139_c0_g4,12.128548140647338
1,dis_TRINITY_DN9139_c0_g5,12.755751291084348
1,dis_TRINITY_DN9144_c0_g2,11.57315950810322
1,dis_TRINITY_DN9155_c0_g3,13.187152080718565
1,dis_TRINITY_DN9161_c0_g2,62.051431192197334
7,dis_TRINITY_DN9166_c0_g1,12.510909199574586
8,dis_TRINITY_DN9179_c0_g1,11.549292489152744
1,dis_TRINITY_DN920_c2_g4,12.320627703165128
8,dis_TRINITY_DN9202_c0_g2,12.208072698014211
7,dis_TRINITY_DN921_c0_g1,12.031667216142575
8,dis_TRINITY_DN9228_c0_g2,11.602061627141962
8,dis_TRINITY_DN9239_c0_g2,17.633414076689743
8,dis_TRINITY_DN9245_c0_g2,11.80672223777624
1,dis_TRINITY_DN9248_c0_g1,12.484168694791014
7,dis_TRINITY_DN9258_c0_g1,12.817000975267186
8,dis_TRINITY_DN926_c0_g1,13.286986377655394
7,dis_TRINITY_DN926_c0_g3,11.40175425099138
8,dis_TRINITY_DN9264_c0_g1,12.062329252677527
1,dis_TRINITY_DN9268_c0_g1,16.49114174337241
1,dis_TRINITY_DN9308_c0_g1,16.361903251150217
1,dis_TRINITY_DN9309_c0_g1,15.155900732058125
8,dis_TRINITY_DN931_c0_g2,18.996724349213473
1,dis_TRINITY_DN9311_c0_g1,11.488318153672452
1,dis_TRINITY_DN9318_c0_g1,13.363787786402476
8,dis_TRINITY_DN937_c0_g1,15.73599590111792
1,dis_TRINITY_DN9371_c0_g1,12.357867048969252
1,dis_TRINITY_DN9374_c0_g1,17.2252891993139
1,dis_TRINITY_DN9379_c0_g5,12.022978624284416
1,dis_TRINITY_DN9400_c0_g1,25.43066161152714
1,dis_TRINITY_DN9402_c0_g2,11.883173397708207
1,dis_TRINITY_DN9411_c0_g1,12.826257482212027
8,dis_TRINITY_DN942_c0_g1,11.829090962538077
2,dis_TRINITY_DN9420_c0_g1,17.685130251146017
1,dis_TRINITY_DN9421_c0_g3,21.321049856890255
1,dis_TRINITY_DN9451_c0_g1,12.69056917557286
1,dis_TRINITY_DN9451_c0_g2,98.33480353872682
2,dis_TRINITY_DN9464_c0_g1,18.22809781628352
8,dis_TRINITY_DN9467_c1_g1,12.130890692772729
1,dis_TRINITY_DN951_c0_g2,15.102238443356667
1,dis_TRINITY_DN9510_c0_g3,17.90109158682788
8,dis_TRINITY_DN9525_c0_g1,11.444188787327828
8,dis_TRINITY_DN9567_c0_g5,11.404233424478825
8,dis_TRINITY_DN9570_c0_g2,13.826139121244225
1,dis_TRINITY_DN959_c1_g1,11.40175425099138
7,dis_TRINITY_DN9597_c0_g4,12.490971099157983
7,dis_TRINITY_DN9601_c0_g1,13.310154845079753
1,dis_TRINITY_DN961_c0_g1,12.559123138181263
8,dis_TRINITY_DN9613_c0_g7,11.583449486228185
7,dis_TRINITY_DN9619_c0_g1,11.433799499728863
8,dis_TRINITY_DN963_c0_g1,19.375662079010358
1,dis_TRINITY_DN9633_c0_g1,16.718217548530703
1,dis_TRINITY_DN9639_c0_g1,13.321972263895463
8,dis_TRINITY_DN9639_c0_g2,11.497465372855011
1,dis_TRINITY_DN9642_c0_g2,14.966709758661052
8,dis_TRINITY_DN9668_c0_g1,14.940051740204918
1,dis_TRINITY_DN9753_c0_g1,24.107721771249974
7,dis_TRINITY_DN9771_c0_g1,67.02480750438602
8,dis_TRINITY_DN9783_c0_g1,13.044295726485197
8,dis_TRINITY_DN9809_c0_g2,12.12628537516745
8,dis_TRINITY_DN9816_c0_g1,14.295126582160789
1,dis_TRINITY_DN9837_c0_g3,38.212606270706004
1,dis_TRINITY_DN9851_c0_g2,15.84658130323383
1,dis_TRINITY_DN9894_c0_g1,12.683173301662325
1,dis_TRINITY_DN99_c0_g1,11.900244199175074
8,dis_TRINITY_DN990_c0_g1,11.42653862724841
2,dis_TRINITY_DN9926_c0_g1,11.418931517440676
1,dis_TRINITY_DN994_c0_g1,14.774255683451536
8,dis_TRINITY_DN9955_c0_g4,11.694507428703442
1,dis_TRINITY_DN9960_c0_g1,13.356379636712937
8,dis_TRINITY_DN9966_c0_g1,12.688694534899955
8,dis_TRINITY_DN9971_c0_g1,16.02878198741252
